Postcode,Borough,NTA
10009,Manhattan,East Village
11205,Brooklyn,Clinton Hill
10014,Manhattan,
11225,Brooklyn,Crown Heights South
11209,Brooklyn,Bay Ridge
10014,Manhattan,West Village
10163,Manhattan,
11217,Manhattan,
10116,Manhattan,Hudson Yards-Chelsea-Flatiron-Union Square
11238,Manhattan,
10019,Manhattan,Clinton
10003,Manhattan,East Village
11215,Brooklyn,Park Slope-Gowanus
11434,Queens,St. Albans
11201,Brooklyn,DUMBO-Vinegar Hill-Downtown Brooklyn-Boerum Hill
10009,Manhattan,Lower East Side
11217,Brooklyn,DUMBO-Vinegar Hill-Downtown Brooklyn-Boerum Hill
10075,Manhattan,Upper East Side-Carnegie Hill
11215,Brooklyn,Park Slope-Gowanus
10002,Manhattan,Lower East Side
10010,Manhattan,Hudson Yards-Chelsea-Flatiron-Union Square
11205,Brooklyn,Fort Greene
11201,Brooklyn,DUMBO-Vinegar Hill-Downtown Brooklyn-Boerum Hill
10026,Manhattan,Central Harlem South
10011,Manhattan,Hudson Yards-Chelsea-Flatiron-Union Square
11105,Queens,Steinway
11217,Brooklyn,Fort Greene
11225,Brooklyn,Crown Heights South
10003,Manhattan,East Village
11207,Brooklyn,East New York (Pennsylvania Ave)
10001,Manhattan,
10459,Brooklyn,
10031,Manhattan,Manhattanville
11106,Manhattan,
10003,Manhattan,West Village
11225,Brooklyn,Prospect Lefferts Gardens-Wingate
10036,Manhattan,Clinton
10038,Manhattan,Battery Park City-Lower Manhattan
11377,Manhattan,
10013,Manhattan,SoHo-TriBeCa-Civic Center-Little Italy
10003,Manhattan,Hudson Yards-Chelsea-Flatiron-Union Square
10001,Manhattan,Midtown-Midtown South
10019,Manhattan,Midtown-Midtown South
10462,Bronx,Westchester-Unionport
10163,Manhattan,
10025,Manhattan,Morningside Heights
10011,Manhattan,Hudson Yards-Chelsea-Flatiron-Union Square
10027,Manhattan,Manhattanville
11238,Brooklyn,Clinton Hill
11432,Queens,Jamaica
10002,Manhattan,Lower East Side
10002,Manhattan,Lower East Side
11208,Brooklyn,East New York
11239,Brooklyn,Starrett City
11366,Queens,Jamaica Estates-Holliswood
10004,Manhattan,Battery Park City-Lower Manhattan
11412,Queens,St. Albans
10022,Manhattan,Turtle Bay-East Midtown
10013,Brooklyn,
10029,Manhattan,East Harlem South
10036,Manhattan,Clinton
10033,Manhattan,Washington Heights South
10128,Manhattan,Upper East Side-Carnegie Hill
11731,Queens,Middle Village
10019,Manhattan,Midtown-Midtown South
10001-2111,Manhattan,Midtown-Midtown South
11364,Queens,park-cemetery-etc-Queens
10271,Manhattan,Battery Park City-Lower Manhattan
10036,Manhattan,Midtown-Midtown South
10012,Manhattan,SoHo-TriBeCa-Civic Center-Little Italy
10036,Manhattan,Clinton
10018,Manhattan,Midtown-Midtown South
11375,Queens,Forest Hills
10018,Manhattan,Midtown-Midtown South
10009,Manhattan,
10003,Manhattan,East Village
10001,Manhattan,Midtown-Midtown South
10019,Manhattan,
10004,Manhattan,Battery Park City-Lower Manhattan
10019,Manhattan,Midtown-Midtown South
10034,Manhattan,Marble Hill-Inwood
10018,Manhattan,
7307,Manhattan,Midtown-Midtown South
11101,Queens,Hunters Point-Sunnyside-West Maspeth
10023,Manhattan,Lincoln Square
10025,Manhattan,Upper West Side
10019,Manhattan,Midtown-Midtown South
10024,Manhattan,Upper West Side
10075,Manhattan,Upper East Side-Carnegie Hill
11201,Brooklyn,DUMBO-Vinegar Hill-Downtown Brooklyn-Boerum Hill
11101,Queens,Hunters Point-Sunnyside-West Maspeth
10021,Manhattan,Upper East Side-Carnegie Hill
10036,Manhattan,Midtown-Midtown South
10009,Manhattan,East Village
10004,Manhattan,Battery Park City-Lower Manhattan
10012,Manhattan,West Village
10279,Manhattan,SoHo-TriBeCa-Civic Center-Little Italy
10011,Manhattan,Hudson Yards-Chelsea-Flatiron-Union Square
10452,Brooklyn,
10036,Manhattan,Clinton
10036,Manhattan,Clinton
10024,Manhattan,
11106,Queens,Astoria
10001,Manhattan,Midtown-Midtown South
10032,Manhattan,
11217,Brooklyn,Fort Greene
10027,Manhattan,Morningside Heights
10018,Manhattan,Midtown-Midtown South
10025,Manhattan,
11215,Manhattan,
10023,Manhattan,Lincoln Square
10018,Manhattan,Midtown-Midtown South
10014,Manhattan,West Village
10036,Manhattan,Midtown-Midtown South
11217,Brooklyn,Fort Greene
10017,Manhattan,Turtle Bay-East Midtown
11215,Manhattan,
10065,Manhattan,Upper East Side-Carnegie Hill
10029,Manhattan,East Harlem South
10024,Manhattan,
10023,Manhattan,
10019,Manhattan,Clinton
10002,Manhattan,Chinatown
10128,Manhattan,Upper East Side-Carnegie Hill
10007,Manhattan,
10040,Manhattan,Washington Heights North
10003,Manhattan,East Village
10033,Manhattan,Washington Heights North
11367,Queens,Pomonok-Flushing Heights-Hillcrest
11218,Brooklyn,Windsor Terrace
10010,Manhattan,Hudson Yards-Chelsea-Flatiron-Union Square
10001,Manhattan,Hudson Yards-Chelsea-Flatiron-Union Square
10013,Manhattan,SoHo-TriBeCa-Civic Center-Little Italy
10027,Manhattan,Central Harlem South
10012,Manhattan,SoHo-TriBeCa-Civic Center-Little Italy
10003,Manhattan,West Village
11209,Brooklyn,Bay Ridge
11201,Brooklyn,Carroll Gardens-Columbia Street-Red Hook
11215,Brooklyn,Park Slope-Gowanus
10012,Manhattan,SoHo-TriBeCa-Civic Center-Little Italy
10016,Manhattan,Murray Hill-Kips Bay
10128,Manhattan,East Harlem South
10013,Manhattan,SoHo-TriBeCa-Civic Center-Little Italy
10451,Bronx,West Concourse
11222,Brooklyn,Greenpoint
10024-0540,Manhattan,
10013,Manhattan,SoHo-TriBeCa-Civic Center-Little Italy
10010,Manhattan,Hudson Yards-Chelsea-Flatiron-Union Square
10019,Manhattan,Clinton
10012,Manhattan,SoHo-TriBeCa-Civic Center-Little Italy
10036,Manhattan,Midtown-Midtown South
11201,Brooklyn,DUMBO-Vinegar Hill-Downtown Brooklyn-Boerum Hill
10150,Bronx,
10001,Manhattan,Midtown-Midtown South
10013,Manhattan,SoHo-TriBeCa-Civic Center-Little Italy
11106,Queens,Astoria
10463,Manhattan,
10301,Staten Island,West New Brighton-New Brighton-St. George
10009,Manhattan,Lower East Side
10003,Manhattan,West Village
11231,Manhattan,Battery Park City-Lower Manhattan
10001,Manhattan,Hudson Yards-Chelsea-Flatiron-Union Square
11372,Manhattan,Lower East Side
10113,Manhattan,
10001,Manhattan,Hudson Yards-Chelsea-Flatiron-Union Square
10019,Manhattan,Midtown-Midtown South
10004,Manhattan,Battery Park City-Lower Manhattan
11211,Queens,
10029,Manhattan,East Harlem South
11201,Brooklyn,DUMBO-Vinegar Hill-Downtown Brooklyn-Boerum Hill
11209,Brooklyn,Bay Ridge
10023,Manhattan,Lincoln Square
11224,Brooklyn,West Brighton
10001,Manhattan,Midtown-Midtown South
10011-1154,Manhattan,Hudson Yards-Chelsea-Flatiron-Union Square
10001,Manhattan,Hudson Yards-Chelsea-Flatiron-Union Square
10027,Manhattan,Central Harlem North-Polo Grounds
11201,Queens,
10461,Bronx,Westchester-Unionport
11217,Brooklyn,Prospect Heights
10019,Manhattan,Clinton
10002,Manhattan,Lower East Side
11375,Queens,Forest Hills
11225,Queens,
10027,Manhattan,
11217,Bronx,
10002,Manhattan,Lower East Side
10026,Manhattan,Central Harlem South
10013,Manhattan,SoHo-TriBeCa-Civic Center-Little Italy
10033,Manhattan,Washington Heights North
11201,Brooklyn,DUMBO-Vinegar Hill-Downtown Brooklyn-Boerum Hill
11220,Brooklyn,Sunset Park West
10022,Manhattan,Midtown-Midtown South
11215,Brooklyn,Park Slope-Gowanus
11435,Manhattan,
11434,Queens,St. Albans
11377,Queens,Woodside
10018,Manhattan,Midtown-Midtown South
10011,Manhattan,Hudson Yards-Chelsea-Flatiron-Union Square
10011,Manhattan,Hudson Yards-Chelsea-Flatiron-Union Square
10027,Manhattan,Morningside Heights
11222,Manhattan,
10003,Manhattan,East Village
10003,Manhattan,West Village
10002,Manhattan,Lower East Side
11202,Manhattan,
10014,Manhattan,West Village
11216,Brooklyn,North Side-South Side
48203,Manhattan,
11233,Brooklyn,Crown Heights North
10011,Manhattan,West Village
11201,Brooklyn,Brooklyn Heights-Cobble Hill
10021,Manhattan,Upper East Side-Carnegie Hill
10013,Manhattan,SoHo-TriBeCa-Civic Center-Little Italy
11201,Manhattan,SoHo-TriBeCa-Civic Center-Little Italy
10013,Manhattan,Chinatown
11361,Queens,Bayside-Bayside Hills
11201,Manhattan,SoHo-TriBeCa-Civic Center-Little Italy
11215,Brooklyn,Park Slope-Gowanus
10001,Manhattan,Midtown-Midtown South
10001,Manhattan,Midtown-Midtown South
10036,Manhattan,Midtown-Midtown South
11040,Queens,Breezy Point-Belle Harbor-Rockaway Park-Broad Channel
10010,Manhattan,Murray Hill-Kips Bay
10022,Manhattan,Turtle Bay-East Midtown
10108,Manhattan,
10454,Manhattan,
10029,Manhattan,East Harlem South
10013,Manhattan,SoHo-TriBeCa-Civic Center-Little Italy
11105,Queens,Steinway
11106,Queens,Astoria
10027,Queens,
10032,Manhattan,Washington Heights South
11217,Brooklyn,DUMBO-Vinegar Hill-Downtown Brooklyn-Boerum Hill
10011-5226,Manhattan,Hudson Yards-Chelsea-Flatiron-Union Square
10027,Manhattan,
10009,Manhattan,East Village
10003,Manhattan,East Village
11211,Brooklyn,
11211,Brooklyn,North Side-South Side
11103,Queens,Astoria
10012,Manhattan,
11217,Brooklyn,
10461,Bronx,Van Nest-Morris Park-Westchester Square
11218,Brooklyn,Windsor Terrace
11236,Brooklyn,East New York
11234,Brooklyn,Georgetown-Marine Park-Bergen Beach-Mill Basin
11217,Brooklyn,Fort Greene
10012,Manhattan,SoHo-TriBeCa-Civic Center-Little Italy
10011,Manhattan,Hudson Yards-Chelsea-Flatiron-Union Square
11233,Brooklyn,Crown Heights North
10001,Bronx,
11212,Brooklyn,Rugby-Remsen Village
10001,Manhattan,Midtown-Midtown South
10023,Manhattan,Lincoln Square
11370,Queens,Jackson Heights
10024,Manhattan,Upper West Side
10023,Manhattan,Lincoln Square
10021,Manhattan,Lenox Hill-Roosevelt Island
10003,Manhattan,Hudson Yards-Chelsea-Flatiron-Union Square
10003,Manhattan,Hudson Yards-Chelsea-Flatiron-Union Square
10025,Manhattan,Upper West Side
10035,Bronx,
10035,Bronx,
10014,Manhattan,West Village
11217,Brooklyn,Fort Greene
11377,Queens,Woodside
11208,Brooklyn,Cypress Hills-City Line
10021,Manhattan,
10458,Bronx,Bedford Park-Fordham North
11201,Brooklyn,DUMBO-Vinegar Hill-Downtown Brooklyn-Boerum Hill
10018,Manhattan,Hudson Yards-Chelsea-Flatiron-Union Square
11412,Queens,
10464,Bronx,park-cemetery-etc-Bronx
10018,Manhattan,Hudson Yards-Chelsea-Flatiron-Union Square
10032,Manhattan,Washington Heights South
6705,Bronx,
10013,Manhattan,SoHo-TriBeCa-Civic Center-Little Italy
10012,Manhattan,
11373,Queens,Elmhurst
11359,Queens,Ft. Totten-Bay Terrace-Clearview
11201,Brooklyn,DUMBO-Vinegar Hill-Downtown Brooklyn-Boerum Hill
11216,Brooklyn,Crown Heights North
10025,Manhattan,Morningside Heights
10030,Manhattan,Central Harlem North-Polo Grounds
10010,Manhattan,Hudson Yards-Chelsea-Flatiron-Union Square
11228,Brooklyn,Dyker Heights
11238,Brooklyn,Crown Heights North
10030,Manhattan,
11226,Brooklyn,Flatbush
11201,Brooklyn,DUMBO-Vinegar Hill-Downtown Brooklyn-Boerum Hill
10007,Manhattan,Chinatown
10036,Manhattan,Clinton
10276,Manhattan,
11231,Manhattan,
10014,Manhattan,West Village
11207,Brooklyn,Bushwick South
11247,Brooklyn,
10009,Brooklyn,
11451,Queens,Jamaica
10013,Manhattan,
11222,Manhattan,
11434,Queens,St. Albans
11202,Brooklyn,
10030,Manhattan,Central Harlem North-Polo Grounds
11238,Brooklyn,Clinton Hill
10036,Manhattan,Clinton
10025,Manhattan,Morningside Heights
10013,Manhattan,SoHo-TriBeCa-Civic Center-Little Italy
10025,Manhattan,Upper West Side
10004,Manhattan,Battery Park City-Lower Manhattan
11375,Queens,Forest Hills
11211,Brooklyn,Williamsburg
10021,Manhattan,
10462,Bronx,
11377,Queens,Elmhurst-Maspeth
10012,Manhattan,West Village
11220,Brooklyn,Sunset Park West
11209,Brooklyn,Bay Ridge
10033,Manhattan,Washington Heights South
10007,Manhattan,SoHo-TriBeCa-Civic Center-Little Italy
11104,Manhattan,
10012,Manhattan,West Village
11354,Queens,Flushing
10013,Manhattan,SoHo-TriBeCa-Civic Center-Little Italy
10029,Manhattan,East Harlem South
10009,Queens,
11412,Queens,St. Albans
11218,Brooklyn,Flatbush
10022,Manhattan,Turtle Bay-East Midtown
10036,Manhattan,Clinton
10017,Manhattan,
11217,Brooklyn,Park Slope-Gowanus
11217,Manhattan,
10101,Brooklyn,
10027,Manhattan,Central Harlem South
11101,Bronx,
11235,Brooklyn,Sheepshead Bay-Gerritsen Beach-Manhattan Beach
11235,Brooklyn,Brighton Beach
10003,Brooklyn,
10001,Manhattan,Hudson Yards-Chelsea-Flatiron-Union Square
10031,Manhattan,Manhattanville
10019,Manhattan,Midtown-Midtown South
10018,Manhattan,Hudson Yards-Chelsea-Flatiron-Union Square
10025,Manhattan,Upper West Side
10463,Bronx,Van Cortlandt Village
10451-9998,Bronx,
10468,Bronx,Van Cortlandt Village
10453,Bronx,University Heights-Morris Heights
10469,Bronx,
10461,Bronx,Van Nest-Morris Park-Westchester Square
10467,Bronx,Norwood
10458,Bronx,Belmont
10451,Bronx,Melrose South-Mott Haven North
10451,Bronx,
10461,Bronx,Pelham Parkway
10456,Bronx,East Concourse-Concourse Village
10468,Bronx,Van Cortlandt Village
10462,Bronx,
10460,Bronx,
10458,Bronx,
10468,Bronx,
10454,Bronx,Mott Haven-Port Morris
10453,Bronx,Mount Hope
11217,Brooklyn,Fort Greene
11202,Brooklyn,
10003,Brooklyn,Windsor Terrace
11201,Brooklyn,DUMBO-Vinegar Hill-Downtown Brooklyn-Boerum Hill
11215,Brooklyn,Park Slope-Gowanus
11201,Brooklyn,DUMBO-Vinegar Hill-Downtown Brooklyn-Boerum Hill
11231,Brooklyn,Carroll Gardens-Columbia Street-Red Hook
11225,Brooklyn,park-cemetery-etc-Brooklyn
11201,Brooklyn,Brooklyn Heights-Cobble Hill
11215,Brooklyn,Park Slope-Gowanus
11231,Brooklyn,Carroll Gardens-Columbia Street-Red Hook
11213,Brooklyn,Crown Heights North
11230,Brooklyn,Ocean Parkway South
11201,Brooklyn,DUMBO-Vinegar Hill-Downtown Brooklyn-Boerum Hill
11202,Brooklyn,
11211,Brooklyn,North Side-South Side
11202,Brooklyn,
11202,Brooklyn,
11201,Brooklyn,Brooklyn Heights-Cobble Hill
11230,Brooklyn,Midwood
11201,Brooklyn,DUMBO-Vinegar Hill-Downtown Brooklyn-Boerum Hill
11238,Brooklyn,park-cemetery-etc-Brooklyn
11217,Brooklyn,Fort Greene
11205,Brooklyn,park-cemetery-etc-Brooklyn
11201,Brooklyn,DUMBO-Vinegar Hill-Downtown Brooklyn-Boerum Hill
11211,Brooklyn,East Williamsburg
11217,Brooklyn,Park Slope-Gowanus
11222,Brooklyn,Greenpoint
11202,Brooklyn,
11238,Brooklyn,Clinton Hill
11214,Brooklyn,Bensonhurst West
11216,Brooklyn,Crown Heights North
11231,Brooklyn,Carroll Gardens-Columbia Street-Red Hook
11217,Brooklyn,Fort Greene
11201,Brooklyn,Carroll Gardens-Columbia Street-Red Hook
11215,Brooklyn,
11212,Brooklyn,Brownsville
10003,Manhattan,East Village
11222,Bronx,
10036,Manhattan,Clinton
11374,Queens,Forest Hills
11435,Queens,Briarwood-Jamaica Hills
11207,Brooklyn,Cypress Hills-City Line
11237,Brooklyn,Bushwick North
11201,Brooklyn,DUMBO-Vinegar Hill-Downtown Brooklyn-Boerum Hill
10019,Manhattan,Clinton
11434,Manhattan,
10016,Manhattan,Midtown-Midtown South
11211,Brooklyn,North Side-South Side
11355,Queens,Flushing
10027,Manhattan,Morningside Heights
10014,Manhattan,West Village
10010,Manhattan,Murray Hill-Kips Bay
11414,Queens,Lindenwood-Howard Beach
10108,Manhattan,
10003,Manhattan,East Village
10314,Staten Island,New Springville-Bloomfield-Travis
10001,Manhattan,Hudson Yards-Chelsea-Flatiron-Union Square
11105,Queens,Steinway
10018,Manhattan,Midtown-Midtown South
11370,Queens,Jackson Heights
10013,Manhattan,SoHo-TriBeCa-Civic Center-Little Italy
10018,Manhattan,Hudson Yards-Chelsea-Flatiron-Union Square
10034,Brooklyn,Park Slope-Gowanus
10013,Manhattan,SoHo-TriBeCa-Civic Center-Little Italy
11201,Brooklyn,Brooklyn Heights-Cobble Hill
11201,Brooklyn,Brooklyn Heights-Cobble Hill
10004,Manhattan,Battery Park City-Lower Manhattan
10036,Manhattan,Midtown-Midtown South
11412,Queens,St. Albans
11217,Brooklyn,Fort Greene
11420,Queens,
11362,Brooklyn,
10019,Manhattan,Midtown-Midtown South
10075,Manhattan,Lenox Hill-Roosevelt Island
10301,Staten Island,Grymes Hill-Clifton-Fox Hills
10459,Bronx,Hunts Point
10025,Manhattan,Morningside Heights
10022,Bronx,
10025,Manhattan,Upper West Side
11201,Brooklyn,DUMBO-Vinegar Hill-Downtown Brooklyn-Boerum Hill
10001,Manhattan,Hudson Yards-Chelsea-Flatiron-Union Square
10461,Manhattan,
10024,Manhattan,Upper West Side
10012,Manhattan,West Village
11235,Brooklyn,Brighton Beach
10122,Manhattan,Midtown-Midtown South
10001,Manhattan,Hudson Yards-Chelsea-Flatiron-Union Square
11201,Manhattan,
10163,Manhattan,
10075,Manhattan,Upper East Side-Carnegie Hill
10518,Bronx,
10013,Manhattan,SoHo-TriBeCa-Civic Center-Little Italy
10011,Manhattan,Hudson Yards-Chelsea-Flatiron-Union Square
11211,Brooklyn,East Williamsburg
10004,Manhattan,Battery Park City-Lower Manhattan
11215,Brooklyn,Park Slope-Gowanus
10036,Manhattan,Midtown-Midtown South
11354,Queens,Flushing
11103,Queens,Astoria
10024,Manhattan,
10304,Staten Island,Stapleton-Rosebank
10128,Manhattan,Upper East Side-Carnegie Hill
10031,Manhattan,Hamilton Heights
10036,Manhattan,
10014,Manhattan,
11411,Queens,
10163,Manhattan,
10001,Manhattan,Midtown-Midtown South
10023,Manhattan,Lincoln Square
10163,Manhattan,Turtle Bay-East Midtown
10023,Manhattan,
10035,Manhattan,
10010,Bronx,
10025,Manhattan,Morningside Heights
10017,Manhattan,Turtle Bay-East Midtown
10004,Manhattan,Battery Park City-Lower Manhattan
10011,Manhattan,Hudson Yards-Chelsea-Flatiron-Union Square
10002,Manhattan,Chinatown
10036,Manhattan,
10011,Manhattan,
10011,Manhattan,Hudson Yards-Chelsea-Flatiron-Union Square
10014,Manhattan,West Village
10111,Manhattan,Midtown-Midtown South
10036,Manhattan,Midtown-Midtown South
11372,Queens,Jackson Heights
10029,Manhattan,East Harlem South
11216,Brooklyn,Bedford
10010,Manhattan,Gramercy
10031,Manhattan,Hamilton Heights
10033,Manhattan,Washington Heights North
10024,Manhattan,Upper West Side
10014,Manhattan,SoHo-TriBeCa-Civic Center-Little Italy
11365,Manhattan,
10001,Manhattan,Hudson Yards-Chelsea-Flatiron-Union Square
10006,Manhattan,Battery Park City-Lower Manhattan
10038,Manhattan,Chinatown
10013,Manhattan,SoHo-TriBeCa-Civic Center-Little Italy
10013,Manhattan,SoHo-TriBeCa-Civic Center-Little Italy
11355,Queens,Flushing
10002,Manhattan,Chinatown
10002,Manhattan,
11354,Queens,
11101,Queens,Hunters Point-Sunnyside-West Maspeth
11358,Queens,Auburndale
11231,Brooklyn,Carroll Gardens-Columbia Street-Red Hook
10013,Manhattan,SoHo-TriBeCa-Civic Center-Little Italy
10011,Manhattan,West Village
10012,Manhattan,West Village
10019,Manhattan,Midtown-Midtown South
11215,Brooklyn,Park Slope-Gowanus
11249,Brooklyn,North Side-South Side
10001,Manhattan,Midtown-Midtown South
10005,Manhattan,Battery Park City-Lower Manhattan
11413,Queens,Springfield Gardens North
10005,Bronx,
10023,Manhattan,Lincoln Square
10031,Manhattan,Manhattanville
10019,Manhattan,Midtown-Midtown South
10464,Bronx,
10464,Bronx,Pelham Bay-Country Club-City Island
10036,Manhattan,Clinton
10003,Manhattan,East Village
10065,Manhattan,park-cemetery-etc-Manhattan
10012,Manhattan,SoHo-TriBeCa-Civic Center-Little Italy
10013,Manhattan,SoHo-TriBeCa-Civic Center-Little Italy
10163,Manhattan,
10013,Manhattan,
11217,Manhattan,
10021,Manhattan,
10010,Manhattan,Hudson Yards-Chelsea-Flatiron-Union Square
10003,Brooklyn,Flatbush
10027,Manhattan,
10002,Manhattan,Lower East Side
10022,Brooklyn,Sunset Park West
10019,Manhattan,Clinton
10011,Manhattan,Hudson Yards-Chelsea-Flatiron-Union Square
10014,Manhattan,
11214,Brooklyn,Gravesend
10003,Manhattan,West Village
10034,Manhattan,Marble Hill-Inwood
11237,Brooklyn,Bushwick North
11230,Brooklyn,Flatbush
10033,Manhattan,Washington Heights North
11215,Manhattan,
10011,Manhattan,Hudson Yards-Chelsea-Flatiron-Union Square
11205,Brooklyn,park-cemetery-etc-Brooklyn
11201,Brooklyn,DUMBO-Vinegar Hill-Downtown Brooklyn-Boerum Hill
11222,Manhattan,
10013,Manhattan,
10004,Manhattan,Battery Park City-Lower Manhattan
11210,Brooklyn,
10065,Manhattan,Lenox Hill-Roosevelt Island
11004,Queens,Bellerose
11217,Brooklyn,Fort Greene
11691,Queens,Far Rockaway-Bayswater
10027,Manhattan,Manhattanville
10040,Manhattan,Washington Heights North
10023,Manhattan,Lincoln Square
10004,Manhattan,Battery Park City-Lower Manhattan
10019,Manhattan,
11222,Brooklyn,Greenpoint
10025,Manhattan,Upper West Side
10075,Manhattan,Yorkville
10022-2050,Manhattan,Turtle Bay-East Midtown
10018,Manhattan,Clinton
10034,Manhattan,Marble Hill-Inwood
10003,Manhattan,Gramercy
11224,Brooklyn,Seagate-Coney Island
11224,Brooklyn,Seagate-Coney Island
11224,Brooklyn,Seagate-Coney Island
11224,Brooklyn,Seagate-Coney Island
10307,Staten Island,Charleston-Richmond Valley-Tottenville
10159,Manhattan,
11356,Queens,
10025,Staten Island,
10003,Manhattan,Hudson Yards-Chelsea-Flatiron-Union Square
10023,Brooklyn,
10011,Manhattan,Hudson Yards-Chelsea-Flatiron-Union Square
10474,Bronx,Hunts Point
10008,Brooklyn,
10002,Manhattan,Chinatown
11217,Brooklyn,Fort Greene
11374,Queens,Forest Hills
10128,Manhattan,Upper East Side-Carnegie Hill
11217,Brooklyn,Fort Greene
11231,Brooklyn,Carroll Gardens-Columbia Street-Red Hook
10030,Manhattan,Central Harlem North-Polo Grounds
10023,Queens,
10036,Manhattan,Clinton
10014,Manhattan,West Village
11230,Brooklyn,Flatbush
10305,Staten Island,
11235,Brooklyn,Sheepshead Bay-Gerritsen Beach-Manhattan Beach
10001,Manhattan,Hudson Yards-Chelsea-Flatiron-Union Square
10012,Manhattan,SoHo-TriBeCa-Civic Center-Little Italy
10025,Manhattan,Upper West Side
10017,Manhattan,Murray Hill-Kips Bay
10001,Manhattan,Midtown-Midtown South
10018,Manhattan,Midtown-Midtown South
10012,Manhattan,West Village
10002,Manhattan,Chinatown
10004,Manhattan,Battery Park City-Lower Manhattan
11217,Brooklyn,Fort Greene
10003,Manhattan,East Village
10003,Brooklyn,Park Slope-Gowanus
11213,Brooklyn,Crown Heights South
11213,Brooklyn,Crown Heights North
11225,Brooklyn,Crown Heights North
10009,Manhattan,East Village
10003,Manhattan,Hudson Yards-Chelsea-Flatiron-Union Square
10128,Manhattan,Yorkville
10016,Manhattan,Murray Hill-Kips Bay
11432,Queens,
11205,Brooklyn,
10017,Manhattan,Murray Hill-Kips Bay
10012,Manhattan,West Village
10009,Manhattan,Lower East Side
10001,Manhattan,Hudson Yards-Chelsea-Flatiron-Union Square
10003,Manhattan,East Village
11216,Brooklyn,Crown Heights North
10014,Manhattan,West Village
10003,Brooklyn,
10036,Manhattan,Clinton
11201,Brooklyn,DUMBO-Vinegar Hill-Downtown Brooklyn-Boerum Hill
10031,Manhattan,Hamilton Heights
10035,Manhattan,East Harlem North
11413,Brooklyn,
10024,Manhattan,Upper West Side
10023,Manhattan,Upper West Side
11201,Brooklyn,DUMBO-Vinegar Hill-Downtown Brooklyn-Boerum Hill
11201,Brooklyn,DUMBO-Vinegar Hill-Downtown Brooklyn-Boerum Hill
10024,Manhattan,Upper West Side
10036,Manhattan,Clinton
10025,Manhattan,Morningside Heights
11101,Queens,Queensbridge-Ravenswood-Long Island City
10004,Manhattan,Battery Park City-Lower Manhattan
11201,Brooklyn,Brooklyn Heights-Cobble Hill
10030,Manhattan,
10007,Manhattan,SoHo-TriBeCa-Civic Center-Little Italy
10038,Manhattan,Battery Park City-Lower Manhattan
10002,Manhattan,Lower East Side
11101,Manhattan,
10032,Manhattan,Washington Heights South
10003,Manhattan,East Village
10003,Manhattan,Gramercy
10031,Manhattan,Hamilton Heights
10011,Manhattan,West Village
10036,Manhattan,Clinton
10004,Manhattan,Battery Park City-Lower Manhattan
10014,Manhattan,
10027,Manhattan,Morningside Heights
11201,Brooklyn,DUMBO-Vinegar Hill-Downtown Brooklyn-Boerum Hill
11217,Brooklyn,Park Slope-Gowanus
10019,Manhattan,Midtown-Midtown South
11204,Brooklyn,Bensonhurst West
11360,Queens,Ft. Totten-Bay Terrace-Clearview
10455,Manhattan,
10128,Manhattan,Yorkville
10003,Manhattan,West Village
10009,Manhattan,East Village
10003,Manhattan,
10023,Manhattan,Lincoln Square
11221,Brooklyn,North Side-South Side
10163,Manhattan,
11237,Manhattan,
10012,Manhattan,West Village
10013,Manhattan,SoHo-TriBeCa-Civic Center-Little Italy
11217,Brooklyn,Fort Greene
10028,Manhattan,
10011,Manhattan,West Village
10003,Manhattan,East Village
10011,Manhattan,Hudson Yards-Chelsea-Flatiron-Union Square
10022,Manhattan,Turtle Bay-East Midtown
11205,Brooklyn,park-cemetery-etc-Brooklyn
10128,Manhattan,Upper East Side-Carnegie Hill
11433,Queens,South Jamaica
10016,Manhattan,Murray Hill-Kips Bay
10009,Manhattan,Lower East Side
11217,Brooklyn,Fort Greene
11220,Brooklyn,Sunset Park West
10012,Manhattan,SoHo-TriBeCa-Civic Center-Little Italy
10472,Bronx,West Farms-Bronx River
10276,Manhattan,
10023,Manhattan,Lincoln Square
10025,Manhattan,Morningside Heights
10023,Manhattan,
10101,Manhattan,
11101,Queens,Hunters Point-Sunnyside-West Maspeth
10036,Manhattan,Clinton
10033,Manhattan,Washington Heights North
11363,Queens,
10013,Manhattan,SoHo-TriBeCa-Civic Center-Little Italy
10274,Manhattan,
10003,Manhattan,East Village
11215,Brooklyn,
10003,Brooklyn,Windsor Terrace
10013,Manhattan,SoHo-TriBeCa-Civic Center-Little Italy
10003,Manhattan,East Village
11217,Brooklyn,Park Slope-Gowanus
11101,Bronx,
10013,Manhattan,SoHo-TriBeCa-Civic Center-Little Italy
10013,Manhattan,SoHo-TriBeCa-Civic Center-Little Italy
10163,Manhattan,
10475,Bronx,
10013,Manhattan,SoHo-TriBeCa-Civic Center-Little Italy
10456,Bronx,Morrisania-Melrose
10024,Manhattan,Upper West Side
11434,Queens,
11215,Brooklyn,Park Slope-Gowanus
11221,Brooklyn,Stuyvesant Heights
10034,Manhattan,Marble Hill-Inwood
10002,Manhattan,Lower East Side
10001,Manhattan,Hudson Yards-Chelsea-Flatiron-Union Square
10003,Manhattan,West Village
11217,Brooklyn,Fort Greene
11222,Brooklyn,
11104,Queens,
10023,Manhattan,Lincoln Square
10011,Manhattan,Hudson Yards-Chelsea-Flatiron-Union Square
10002,Manhattan,Chinatown
11210,Brooklyn,East Flatbush-Farragut
10029,Manhattan,East Harlem South
11208,Brooklyn,East New York
11207,Brooklyn,
11211,Brooklyn,North Side-South Side
10034,Manhattan,Marble Hill-Inwood
11435,Queens,Jamaica
10022,Manhattan,Turtle Bay-East Midtown
10168,Manhattan,Murray Hill-Kips Bay
10002,Manhattan,Lower East Side
10001,Manhattan,Hudson Yards-Chelsea-Flatiron-Union Square
10017,Manhattan,Turtle Bay-East Midtown
10014-4301,Manhattan,West Village
10302,Staten Island,Port Richmond
10016,Manhattan,Murray Hill-Kips Bay
10033,Manhattan,Washington Heights North
10007,Manhattan,
11211,Brooklyn,North Side-South Side
10025,Manhattan,
10023,Manhattan,Lincoln Square
11225,Brooklyn,Prospect Lefferts Gardens-Wingate
10001,Manhattan,Midtown-Midtown South
11217,Brooklyn,Fort Greene
11201,Brooklyn,DUMBO-Vinegar Hill-Downtown Brooklyn-Boerum Hill
10011,Manhattan,Hudson Yards-Chelsea-Flatiron-Union Square
10001,Manhattan,Midtown-Midtown South
10012,Brooklyn,
11212,Brooklyn,Brownsville
10018,Manhattan,Clinton
10038,Manhattan,Battery Park City-Lower Manhattan
11368,Queens,North Corona
11377,Queens,Woodside
10001,Manhattan,Midtown-Midtown South
11238,Brooklyn,Clinton Hill
10451,Bronx,
10001,Manhattan,
10036,Manhattan,Clinton
11217,Manhattan,
10011,Manhattan,Hudson Yards-Chelsea-Flatiron-Union Square
10016,Manhattan,Murray Hill-Kips Bay
10314,Staten Island,New Springville-Bloomfield-Travis
10036,Manhattan,Clinton
11205,Brooklyn,Clinton Hill
10019,Manhattan,Clinton
10019,Manhattan,Midtown-Midtown South
11233,Brooklyn,Ocean Hill
10036,Manhattan,Clinton
10014,Manhattan,West Village
10014,Manhattan,West Village
10016,Manhattan,Midtown-Midtown South
10011,Manhattan,Hudson Yards-Chelsea-Flatiron-Union Square
11205,Brooklyn,Clinton Hill
11201,Manhattan,
10035,Manhattan,East Harlem North
11235,Brooklyn,Sheepshead Bay-Gerritsen Beach-Manhattan Beach
10017,Manhattan,Turtle Bay-East Midtown
11238,Brooklyn,Crown Heights North
10451,Bronx,Mott Haven-Port Morris
11215,Brooklyn,Park Slope-Gowanus
10025,Manhattan,Upper West Side
10025,Manhattan,
10006,Queens,
11217,Brooklyn,Fort Greene
11215,Manhattan,
10018,Manhattan,Hudson Yards-Chelsea-Flatiron-Union Square
11232,Brooklyn,Sunset Park West
11106,Queens,Astoria
11432,Queens,Jamaica
11231,Brooklyn,Carroll Gardens-Columbia Street-Red Hook
11206,Brooklyn,Bushwick South
11238,Brooklyn,Clinton Hill
10026,Manhattan,Central Harlem South
11385,Manhattan,
10003,Manhattan,East Village
11101,Queens,Hunters Point-Sunnyside-West Maspeth
11231,Brooklyn,
10002,Manhattan,Lower East Side
10018,Manhattan,Midtown-Midtown South
10018,Manhattan,Midtown-Midtown South
10013,Manhattan,SoHo-TriBeCa-Civic Center-Little Italy
11214,Brooklyn,Bensonhurst West
11201,Brooklyn,DUMBO-Vinegar Hill-Downtown Brooklyn-Boerum Hill
10016,Manhattan,Midtown-Midtown South
10003,Manhattan,
10016,Manhattan,Midtown-Midtown South
10016,Manhattan,Midtown-Midtown South
10031,Manhattan,
10003,Manhattan,Gramercy
10027,Manhattan,Morningside Heights
10012,Manhattan,West Village
11215,Brooklyn,Park Slope-Gowanus
11201,Brooklyn,
10014,Manhattan,SoHo-TriBeCa-Civic Center-Little Italy
10023,Manhattan,Lincoln Square
10003,Manhattan,West Village
11101,Queens,Hunters Point-Sunnyside-West Maspeth
10031,Manhattan,Hamilton Heights
11225,Brooklyn,Crown Heights South
11217,Brooklyn,Park Slope-Gowanus
11215,Manhattan,
10012,Brooklyn,
11372,Manhattan,
10013,Manhattan,SoHo-TriBeCa-Civic Center-Little Italy
11213,Brooklyn,Crown Heights North
10001,Manhattan,Midtown-Midtown South
11354,Queens,Flushing
11101,Brooklyn,Sunset Park West
11375,Manhattan,
11104,Queens,Hunters Point-Sunnyside-West Maspeth
10013,Manhattan,SoHo-TriBeCa-Civic Center-Little Italy
10464,Bronx,Pelham Bay-Country Club-City Island
10280,Manhattan,Battery Park City-Lower Manhattan
10458,Bronx,Bedford Park-Fordham North
11358,Queens,Murray Hill
11421,Queens,park-cemetery-etc-Queens
11217,Brooklyn,Fort Greene
11101,Queens,Hunters Point-Sunnyside-West Maspeth
11238,Brooklyn,Fort Greene
11101,Queens,Hunters Point-Sunnyside-West Maspeth
10023,Manhattan,Lincoln Square
11101,Queens,Hunters Point-Sunnyside-West Maspeth
10035,Manhattan,East Harlem North
10014,Manhattan,West Village
10027,Manhattan,Central Harlem South
11377,Queens,Woodside
10018,Manhattan,Midtown-Midtown South
10014,Manhattan,West Village
10003,Manhattan,East Village
10036,Manhattan,Clinton
11201,Brooklyn,DUMBO-Vinegar Hill-Downtown Brooklyn-Boerum Hill
10013,Manhattan,
10003,Manhattan,East Village
11215,Manhattan,
10027,Manhattan,
11217,Brooklyn,Fort Greene
10025,Manhattan,Upper West Side
10018,Manhattan,Midtown-Midtown South
12405,Manhattan,
10024,Manhattan,Upper West Side
10022,Manhattan,Upper East Side-Carnegie Hill
10011,Manhattan,Hudson Yards-Chelsea-Flatiron-Union Square
10038,Manhattan,
10040,Manhattan,Washington Heights North
10453,Manhattan,
10021,Manhattan,Upper East Side-Carnegie Hill
10305,Staten Island,Stapleton-Rosebank
11211,Brooklyn,North Side-South Side
11214,Brooklyn,Bensonhurst West
10001,Manhattan,Midtown-Midtown South
10023,Manhattan,
10011,Manhattan,
11203,Brooklyn,Prospect Lefferts Gardens-Wingate
10014,Manhattan,West Village
10013,Manhattan,SoHo-TriBeCa-Civic Center-Little Italy
11201,Brooklyn,DUMBO-Vinegar Hill-Downtown Brooklyn-Boerum Hill
11213,Brooklyn,Crown Heights North
10021,Manhattan,Upper East Side-Carnegie Hill
10025,Manhattan,Upper West Side
10473,Bronx,Soundview-Castle Hill-Clason Point-Harding Park
11223,Brooklyn,Crown Heights North
10116,Manhattan,
10027,Manhattan,Morningside Heights
11234,Brooklyn,Flatlands
11215,Brooklyn,Park Slope-Gowanus
11238,Brooklyn,Clinton Hill
10016,Manhattan,Midtown-Midtown South
10305,Staten Island,Stapleton-Rosebank
10013,Manhattan,
10036,Manhattan,Midtown-Midtown South
10001,Manhattan,Hudson Yards-Chelsea-Flatiron-Union Square
10023,Manhattan,Lincoln Square
11207,Brooklyn,Cypress Hills-City Line
10025,Manhattan,Upper West Side
10454,Bronx,Mott Haven-Port Morris
10036,Manhattan,Clinton
10003,Manhattan,Hudson Yards-Chelsea-Flatiron-Union Square
10018,Manhattan,Midtown-Midtown South
10003,Brooklyn,Flatbush
10018,Manhattan,Midtown-Midtown South
10023,Manhattan,Lincoln Square
10001,Manhattan,Midtown-Midtown South
10003,Manhattan,Gramercy
10001,Manhattan,Hudson Yards-Chelsea-Flatiron-Union Square
10030,Manhattan,Central Harlem North-Polo Grounds
10128,Manhattan,Yorkville
10024,Manhattan,Upper West Side
11367,Queens,Kew Gardens Hills
10011,Manhattan,West Village
11103,Queens,Astoria
11216,Brooklyn,Bedford
10027,Manhattan,Central Harlem South
10036,Manhattan,Clinton
10003,Manhattan,East Village
10025,Manhattan,Morningside Heights
10185,Manhattan,
10025,Manhattan,Upper West Side
11215,Brooklyn,Park Slope-Gowanus
11201,Brooklyn,Brooklyn Heights-Cobble Hill
10003,Manhattan,Gramercy
10024,Manhattan,Upper West Side
11106,Queens,Astoria
11433,Queens,Jamaica
10013,Manhattan,Chinatown
10036,Manhattan,Midtown-Midtown South
11385,Queens,Ridgewood
11385,Queens,Ridgewood
11105,Queens,Steinway
11102,Queens,Old Astoria
11105,Queens,Steinway
11238,Brooklyn,Crown Heights North
11357,Queens,Murray Hill
11232,Brooklyn,park-cemetery-etc-Brooklyn
10001,Manhattan,Midtown-Midtown South
10014,Manhattan,
10003,Manhattan,East Village
10003,Manhattan,Gramercy
10035,Manhattan,East Harlem North
10014,Manhattan,West Village
11215,Brooklyn,Park Slope-Gowanus
10108,Manhattan,
11215,Manhattan,
11236,Brooklyn,Canarsie
10013,Manhattan,Chinatown
11210,Brooklyn,Flatbush
10030,Manhattan,Central Harlem North-Polo Grounds
10014,Manhattan,West Village
10033,Manhattan,Washington Heights South
11238,Brooklyn,
11373,Queens,Elmhurst
10025,Manhattan,
10011,Manhattan,Hudson Yards-Chelsea-Flatiron-Union Square
10032,Manhattan,Washington Heights South
10301,Staten Island,West New Brighton-New Brighton-St. George
10030,Manhattan,Central Harlem North-Polo Grounds
10030,Manhattan,Central Harlem North-Polo Grounds
10037,Manhattan,Central Harlem North-Polo Grounds
10027,Manhattan,Morningside Heights
10035,Manhattan,East Harlem North
10027,Manhattan,Central Harlem South
11201,Brooklyn,Fort Greene
10037,Manhattan,East Harlem North
10031,Manhattan,Hamilton Heights
11434,Manhattan,
10030,Manhattan,Hamilton Heights
10030,Manhattan,
10032,Manhattan,
10026,Manhattan,
10023,Manhattan,Lincoln Square
10025,Manhattan,Upper West Side
10075,Manhattan,Yorkville
10025,Manhattan,Upper West Side
10012,Manhattan,SoHo-TriBeCa-Civic Center-Little Italy
10454,Bronx,Mott Haven-Port Morris
10451,Bronx,
10033,Manhattan,Washington Heights South
11238,Brooklyn,Prospect Heights
10471,Bronx,North Riverdale-Fieldston-Riverdale
10018,Manhattan,
11234,Brooklyn,Georgetown-Marine Park-Bergen Beach-Mill Basin
10002,Manhattan,Lower East Side
10014,Manhattan,West Village
11206,Brooklyn,Bushwick North
10002,Manhattan,Chinatown
10003,Manhattan,West Village
10022,Manhattan,Midtown-Midtown South
10027,Manhattan,Morningside Heights
10038,Manhattan,Battery Park City-Lower Manhattan
10452,Bronx,Highbridge
10451,Bronx,Morrisania-Melrose
11355,Queens,East Flushing
11355,Queens,East Flushing
10026,Manhattan,Central Harlem South
11206,Brooklyn,East Williamsburg
11377-4042,Queens,Woodside
10018,Manhattan,Hudson Yards-Chelsea-Flatiron-Union Square
10002,Manhattan,Lower East Side
10032,Manhattan,Washington Heights South
10003,Manhattan,East Village
10065,Manhattan,park-cemetery-etc-Manhattan
10013,Manhattan,SoHo-TriBeCa-Civic Center-Little Italy
11218,Brooklyn,Windsor Terrace
11231,Brooklyn,Carroll Gardens-Columbia Street-Red Hook
10170,Manhattan,Turtle Bay-East Midtown
10016,Manhattan,Murray Hill-Kips Bay
10018,Manhattan,Midtown-Midtown South
11101,Queens,Hunters Point-Sunnyside-West Maspeth
10024,Manhattan,Upper West Side
10018,Manhattan,Midtown-Midtown South
10013,Manhattan,SoHo-TriBeCa-Civic Center-Little Italy
10003,Manhattan,Gramercy
10150,Manhattan,
10156,Manhattan,
10012,Manhattan,SoHo-TriBeCa-Civic Center-Little Italy
10003,Manhattan,East Village
10276,Manhattan,
10001,Manhattan,Hudson Yards-Chelsea-Flatiron-Union Square
10065,Manhattan,Upper East Side-Carnegie Hill
10011,Manhattan,
10025,Manhattan,
10113,Manhattan,
11369,Manhattan,
10474,Bronx,
11105,Manhattan,
10185,Manhattan,
10467,Brooklyn,
11249,Brooklyn,North Side-South Side
10025,Manhattan,Morningside Heights
10014,Manhattan,West Village
10011,Manhattan,Hudson Yards-Chelsea-Flatiron-Union Square
11225,Brooklyn,Prospect Lefferts Gardens-Wingate
11201,Queens,
10301,Staten Island,New Brighton-Silver Lake
10039,Manhattan,Central Harlem North-Polo Grounds
11218,Manhattan,
11205,Manhattan,
11217,Brooklyn,DUMBO-Vinegar Hill-Downtown Brooklyn-Boerum Hill
10276,Queens,
11226,Brooklyn,Flatbush
10002,Manhattan,Lower East Side
11231,Manhattan,
10025,Manhattan,Upper West Side
11101,Queens,Queensbridge-Ravenswood-Long Island City
10026,Manhattan,Central Harlem South
10013,Manhattan,SoHo-TriBeCa-Civic Center-Little Italy
11201,Brooklyn,DUMBO-Vinegar Hill-Downtown Brooklyn-Boerum Hill
10011,Manhattan,
11202,Brooklyn,
11105,Queens,Steinway
10016,Manhattan,Midtown-Midtown South
10002,Manhattan,Chinatown
10163,Manhattan,
10025,Manhattan,Upper West Side
11691,Queens,Far Rockaway-Bayswater
10027,Manhattan,Manhattanville
10108,Manhattan,
10027,Manhattan,Morningside Heights
11205,Brooklyn,Fort Greene
11238,Brooklyn,Clinton Hill
10036,Manhattan,Midtown-Midtown South
10003,Queens,
10023,Manhattan,Lincoln Square
10023,Manhattan,
10001,Manhattan,Midtown-Midtown South
11231,Brooklyn,Carroll Gardens-Columbia Street-Red Hook
11354,Queens,Flushing
11247,Brooklyn,
10027,Manhattan,
10018,Manhattan,
10108,Manhattan,
10108,Manhattan,
10036,Manhattan,Midtown-Midtown South
11232,Brooklyn,Sunset Park West
11217,Brooklyn,Fort Greene
10001,Manhattan,Hudson Yards-Chelsea-Flatiron-Union Square
10036,Manhattan,Clinton
11211,Brooklyn,East Williamsburg
10027,Manhattan,Central Harlem North-Polo Grounds
10036,Manhattan,
10034,Manhattan,Marble Hill-Inwood
10011,Manhattan,Hudson Yards-Chelsea-Flatiron-Union Square
11217,Brooklyn,Fort Greene
10001,Manhattan,Midtown-Midtown South
11106,Queens,Astoria
10044,Manhattan,
10314,Staten Island,
10003,Manhattan,East Village
10013,Manhattan,SoHo-TriBeCa-Civic Center-Little Italy
11217,Brooklyn,Fort Greene
11215,Brooklyn,Park Slope-Gowanus
10027,Manhattan,Washington Heights South
10024,Manhattan,Upper West Side
11238-2514,Brooklyn,
10013,Manhattan,
10039,Manhattan,
11372,Queens,
11372,Queens,
10306,Staten Island,Todt Hill-Emerson Hill-Heartland Village-Lighthouse Hill
11432,Queens,Jamaica
11217,Brooklyn,Fort Greene
10036,Manhattan,Midtown-Midtown South
10017,Manhattan,Turtle Bay-East Midtown
10002,Manhattan,Lower East Side
11101,Queens,Hunters Point-Sunnyside-West Maspeth
10011,Manhattan,Hudson Yards-Chelsea-Flatiron-Union Square
11213,Brooklyn,Crown Heights North
10023,Manhattan,Upper West Side
10314,Staten Island,Todt Hill-Emerson Hill-Heartland Village-Lighthouse Hill
11224,Brooklyn,Seagate-Coney Island
10462,Bronx,Pelham Parkway
11691,Queens,Far Rockaway-Bayswater
11229,Brooklyn,
10128,Manhattan,Upper East Side-Carnegie Hill
11225,Manhattan,
10108,Manhattan,
11215,Brooklyn,Park Slope-Gowanus
10033,Manhattan,Washington Heights North
10025,Manhattan,Upper West Side
10019,Manhattan,Lincoln Square
11206,Brooklyn,Bushwick South
10018,Manhattan,Clinton
10305,Staten Island,Old Town-Dongan Hills-South Beach
10038,Manhattan,Battery Park City-Lower Manhattan
10011,Manhattan,Hudson Yards-Chelsea-Flatiron-Union Square
10003,Brooklyn,Park Slope-Gowanus
10012,Manhattan,SoHo-TriBeCa-Civic Center-Little Italy
10012,Manhattan,West Village
10011,Manhattan,
10002,Manhattan,Lower East Side
10023,Manhattan,Lincoln Square
11375,Queens,Forest Hills
11249,Brooklyn,North Side-South Side
10017,Manhattan,Turtle Bay-East Midtown
10463,Bronx,Spuyten Duyvil-Kingsbridge
11215,Brooklyn,Park Slope-Gowanus
10011,Manhattan,Hudson Yards-Chelsea-Flatiron-Union Square
10003,Manhattan,East Village
11218,Brooklyn,Flatbush
10009,Manhattan,East Village
10012,Manhattan,West Village
11106,Queens,Astoria
10018,Manhattan,Midtown-Midtown South
11413,Queens,
10029,Manhattan,East Harlem South
10002,Manhattan,Chinatown
10018,Manhattan,Midtown-Midtown South
10009,Manhattan,Lower East Side
11231,Brooklyn,Carroll Gardens-Columbia Street-Red Hook
11413,Queens,St. Albans
10003,Manhattan,East Village
11385,Queens,Glendale
10011,Manhattan,Hudson Yards-Chelsea-Flatiron-Union Square
10035,Manhattan,Central Harlem South
11372,Manhattan,
11432,Queens,Jamaica
11229,Brooklyn,Sheepshead Bay-Gerritsen Beach-Manhattan Beach
11217,Brooklyn,Fort Greene
11238,Brooklyn,Crown Heights North
11235,Brooklyn,Sheepshead Bay-Gerritsen Beach-Manhattan Beach
10463,Bronx,Van Cortlandt Village
11234,Brooklyn,Georgetown-Marine Park-Bergen Beach-Mill Basin
10272,Manhattan,
10038,Manhattan,Battery Park City-Lower Manhattan
10017,Manhattan,Midtown-Midtown South
11358,Brooklyn,
10034,Queens,
11358,Queens,Murray Hill
11358,Queens,East Flushing
10019,Manhattan,Midtown-Midtown South
11216,Brooklyn,Bedford
10023,Manhattan,Lincoln Square
11356,Queens,College Point
11367,Queens,Kew Gardens Hills
10021,Manhattan,
10113,Manhattan,
11215,Manhattan,
10185,Manhattan,
10014,Manhattan,West Village
10040,Manhattan,Washington Heights North
11215,Brooklyn,Park Slope-Gowanus
11106,Manhattan,
11369,Queens,Jackson Heights
10029,Manhattan,East Harlem South
10014,Manhattan,
10003,Manhattan,East Village
10003,Manhattan,East Village
11203,Brooklyn,Prospect Lefferts Gardens-Wingate
11101,Queens,Hunters Point-Sunnyside-West Maspeth
11101,Queens,Hunters Point-Sunnyside-West Maspeth
10011,Manhattan,
10023,Manhattan,Lincoln Square
10036,Manhattan,Clinton
11424,Queens,Kew Gardens
11418,Queens,Richmond Hill
10002,Manhattan,
10019,Manhattan,Clinton
10032,Manhattan,Washington Heights South
10016,Manhattan,Gramercy
10036,Manhattan,Clinton
10027,Brooklyn,
10001,Manhattan,Hudson Yards-Chelsea-Flatiron-Union Square
10036,Manhattan,Midtown-Midtown South
11372,Brooklyn,Bay Ridge
10018,Manhattan,Midtown-Midtown South
10108,Manhattan,
10038,Manhattan,Battery Park City-Lower Manhattan
10018,Manhattan,Hudson Yards-Chelsea-Flatiron-Union Square
10469,Bronx,
11413,Manhattan,
10468,Bronx,Van Cortlandt Village
10468,Bronx,Van Cortlandt Village
10028,Manhattan,
10014,Manhattan,West Village
10011,Manhattan,West Village
10013,Manhattan,SoHo-TriBeCa-Civic Center-Little Italy
11217,Brooklyn,Park Slope-Gowanus
10011-3881,Manhattan,Hudson Yards-Chelsea-Flatiron-Union Square
11354,Queens,Flushing
10001,Manhattan,Hudson Yards-Chelsea-Flatiron-Union Square
11372,Manhattan,
10304,Staten Island,Stapleton-Rosebank
11368,Queens,East Elmhurst
11217,Brooklyn,Fort Greene
10014,Manhattan,West Village
10025,Manhattan,Morningside Heights
11203,Brooklyn,East Flatbush-Farragut
11432,Queens,Jamaica
11222,Brooklyn,Greenpoint
10101,Manhattan,
10023,Manhattan,Lincoln Square
10462,Bronx,
10023,Manhattan,Lincoln Square
10023,Manhattan,Lincoln Square
10013,Manhattan,SoHo-TriBeCa-Civic Center-Little Italy
11105,Queens,Steinway
10031,Manhattan,Manhattanville
10451,Bronx,West Concourse
10453,Bronx,University Heights-Morris Heights
10113,Manhattan,
10036,Manhattan,Clinton
11217,Brooklyn,Fort Greene
10033,Manhattan,Washington Heights North
11222,Brooklyn,Greenpoint
10108,Manhattan,
10002,Manhattan,Chinatown
10001,Manhattan,Hudson Yards-Chelsea-Flatiron-Union Square
10033,Manhattan,Washington Heights North
10036,Manhattan,Clinton
11101,Queens,Hunters Point-Sunnyside-West Maspeth
10013,Manhattan,SoHo-TriBeCa-Civic Center-Little Italy
11217,Manhattan,East Village
10003,Manhattan,East Village
11230,Brooklyn,Ocean Parkway South
10002,Manhattan,Lower East Side
10457,Manhattan,
10026,Manhattan,Central Harlem South
11101,Queens,
11357,Queens,Whitestone
11372,Brooklyn,Bay Ridge
10003,Manhattan,West Village
10019,Manhattan,Clinton
10029,Manhattan,East Harlem South
11222,Brooklyn,Greenpoint
10025,Manhattan,Upper West Side
10010,Manhattan,
11368,Queens,North Corona
11207,Brooklyn,East New York
10009,Manhattan,Lower East Side
10002,Manhattan,Lower East Side
10002,Manhattan,Chinatown
10009,Manhattan,Lower East Side
10002,Manhattan,Lower East Side
10018,Manhattan,Hudson Yards-Chelsea-Flatiron-Union Square
10002,Manhattan,Chinatown
10038,Manhattan,Battery Park City-Lower Manhattan
10036,Manhattan,Midtown-Midtown South
10001,Manhattan,Midtown-Midtown South
11434,Queens,Baisley Park
10023,Manhattan,Lincoln Square
10018,Manhattan,Midtown-Midtown South
10462,Bronx,
10002,Manhattan,
10003,Manhattan,East Village
10022,Manhattan,Midtown-Midtown South
10009,Manhattan,
10010,Manhattan,Hudson Yards-Chelsea-Flatiron-Union Square
10473,Bronx,Soundview-Castle Hill-Clason Point-Harding Park
10025,Manhattan,Upper West Side
10003,Manhattan,East Village
11247,Brooklyn,
10044,Manhattan,Lenox Hill-Roosevelt Island
11412,Queens,St. Albans
10026,Manhattan,Central Harlem South
11102,Queens,Steinway
11237,Brooklyn,Bushwick North
10017,Manhattan,Turtle Bay-East Midtown
11210,Brooklyn,
10027,Manhattan,Central Harlem North-Polo Grounds
11207,Brooklyn,
10010,Manhattan,Hudson Yards-Chelsea-Flatiron-Union Square
10163,Manhattan,
10019,Manhattan,Clinton
10019,Manhattan,Lincoln Square
10018,Manhattan,Midtown-Midtown South
10001,Manhattan,Midtown-Midtown South
10027,Manhattan,Morningside Heights
10025,Manhattan,Upper West Side
10036,Manhattan,Clinton
10011,Manhattan,West Village
10029,Manhattan,East Harlem South
11217-1423,Manhattan,
10027,Manhattan,
11377,Queens,Woodside
11232,Brooklyn,Sunset Park West
10107,Manhattan,Midtown-Midtown South
11234,Brooklyn,Georgetown-Marine Park-Bergen Beach-Mill Basin
11201,Brooklyn,DUMBO-Vinegar Hill-Downtown Brooklyn-Boerum Hill
10014,Manhattan,West Village
11201,Brooklyn,Brooklyn Heights-Cobble Hill
10019,Manhattan,Midtown-Midtown South
10013,Manhattan,SoHo-TriBeCa-Civic Center-Little Italy
11378,Queens,Maspeth
10468,Bronx,
10018,Manhattan,Midtown-Midtown South
10027,Manhattan,Central Harlem North-Polo Grounds
10453,Bronx,
10019,Manhattan,Clinton
10038,Manhattan,Battery Park City-Lower Manhattan
10011,Manhattan,Hudson Yards-Chelsea-Flatiron-Union Square
10468,Bronx,Kingsbridge Heights
10036,Manhattan,Clinton
10024,Manhattan,Upper West Side
10002,Manhattan,Lower East Side
10024,Manhattan,Upper West Side
10017,Manhattan,Midtown-Midtown South
10004,Manhattan,Battery Park City-Lower Manhattan
10040,Queens,
11214,Brooklyn,Bath Beach
11372,Manhattan,
10003,Manhattan,East Village
10028,Manhattan,park-cemetery-etc-Manhattan
11122,Brooklyn,
10023,Manhattan,Lincoln Square
10023,Manhattan,Lincoln Square
10023,Manhattan,Lincoln Square
10016,Brooklyn,East Flatbush-Farragut
11369,Queens,East Elmhurst
10021,Manhattan,Lenox Hill-Roosevelt Island
10013,Manhattan,SoHo-TriBeCa-Civic Center-Little Italy
10451,Bronx,East Concourse-Concourse Village
10001,Manhattan,Midtown-Midtown South
10036,Manhattan,Clinton
10276,Manhattan,
10453,Bronx,University Heights-Morris Heights
10003,Manhattan,East Village
11201,Brooklyn,Brooklyn Heights-Cobble Hill
10467,Bronx,Norwood
10036,Manhattan,Clinton
10128-0811,Manhattan,
11215,Brooklyn,Park Slope-Gowanus
11226,Brooklyn,Flatbush
11215,Brooklyn,Sunset Park West
11206,Brooklyn,Bushwick North
10014,Manhattan,West Village
10034,Manhattan,Marble Hill-Inwood
10025,Manhattan,Upper West Side
10038,Manhattan,Battery Park City-Lower Manhattan
10065,Manhattan,Upper East Side-Carnegie Hill
10032,Manhattan,Washington Heights South
10028,Manhattan,
10009,Manhattan,East Village
10009,Manhattan,Lower East Side
11201,Brooklyn,DUMBO-Vinegar Hill-Downtown Brooklyn-Boerum Hill
10150,Brooklyn,
11202,Brooklyn,
10011,Manhattan,Hudson Yards-Chelsea-Flatiron-Union Square
10451,Bronx,West Concourse
11427,Queens,Bellerose
10022,Manhattan,Midtown-Midtown South
10002,Manhattan,Chinatown
10029,Queens,
10027,Manhattan,Central Harlem South
10005,Manhattan,Battery Park City-Lower Manhattan
10019,Manhattan,
10023,Manhattan,Lincoln Square
10013,Manhattan,Chinatown
10012,Manhattan,SoHo-TriBeCa-Civic Center-Little Italy
11217,Brooklyn,Fort Greene
10003,Manhattan,East Village
10280,Manhattan,Battery Park City-Lower Manhattan
10305,Staten Island,Stapleton-Rosebank
10019,Manhattan,Midtown-Midtown South
10002,Manhattan,Lower East Side
10029,Manhattan,East Harlem South
11360,Queens,
10027,Manhattan,Morningside Heights
11201,Manhattan,
10025,Manhattan,Upper West Side
10013,Brooklyn,North Side-South Side
10113,Manhattan,
10038,Manhattan,Chinatown
10024,Manhattan,Upper West Side
11201,Manhattan,SoHo-TriBeCa-Civic Center-Little Italy
10029,Manhattan,East Harlem South
11378,Queens,Maspeth
10021,Manhattan,
10075,Manhattan,Upper East Side-Carnegie Hill
10304,Staten Island,Grymes Hill-Clifton-Fox Hills
10003,Manhattan,West Village
10024,Manhattan,Upper West Side
10128,Manhattan,Yorkville
10016,Manhattan,Midtown-Midtown South
11105,Queens,Steinway
11205,Brooklyn,Clinton Hill
11219,Brooklyn,Dyker Heights
10303,Staten Island,Mariner's Harbor-Arlington-Port Ivory-Graniteville
11206,Brooklyn,Bushwick North
10013,Manhattan,
10011,Manhattan,West Village
10036,Manhattan,Midtown-Midtown South
11373,Queens,Elmhurst-Maspeth
11217,Brooklyn,Fort Greene
10009,Manhattan,Lower East Side
10011,Manhattan,Hudson Yards-Chelsea-Flatiron-Union Square
10026,Manhattan,Central Harlem South
10001,Manhattan,Midtown-Midtown South
10113,Manhattan,
10010,Manhattan,Hudson Yards-Chelsea-Flatiron-Union Square
10014,Manhattan,West Village
11209,Brooklyn,Bay Ridge
10019,Manhattan,Midtown-Midtown South
10128,Manhattan,Upper East Side-Carnegie Hill
10018,Manhattan,Midtown-Midtown South
10003,Manhattan,Gramercy
10018,Manhattan,Midtown-Midtown South
10018,Manhattan,Midtown-Midtown South
10023,Manhattan,Lincoln Square
10011,Manhattan,West Village
10037,Manhattan,Central Harlem North-Polo Grounds
10035,Manhattan,East Harlem North
10032,Manhattan,Washington Heights South
10004,Brooklyn,
10019,Manhattan,Midtown-Midtown South
10017,Manhattan,Turtle Bay-East Midtown
10039,Manhattan,Central Harlem North-Polo Grounds
10018,Manhattan,Midtown-Midtown South
10301,Staten Island,
10029,Manhattan,East Harlem North
10001,Manhattan,Hudson Yards-Chelsea-Flatiron-Union Square
10019,Manhattan,Midtown-Midtown South
10281,Manhattan,Battery Park City-Lower Manhattan
10013,Manhattan,SoHo-TriBeCa-Civic Center-Little Italy
10005,Manhattan,Battery Park City-Lower Manhattan
10012,Manhattan,SoHo-TriBeCa-Civic Center-Little Italy
11215,Brooklyn,Park Slope-Gowanus
10024,Manhattan,Upper West Side
11040,Manhattan,
10001,Manhattan,Midtown-Midtown South
10036,Manhattan,Midtown-Midtown South
11205,Brooklyn,
10101,Manhattan,
10036,Manhattan,Midtown-Midtown South
10011,Manhattan,
10016,Manhattan,Murray Hill-Kips Bay
10027,Manhattan,Central Harlem North-Polo Grounds
11205,Brooklyn,Fort Greene
10025,Manhattan,
11217,Brooklyn,Fort Greene
11201,Brooklyn,Carroll Gardens-Columbia Street-Red Hook
10034,Manhattan,Marble Hill-Inwood
10013,Manhattan,SoHo-TriBeCa-Civic Center-Little Italy
10036,Manhattan,Clinton
10019,Manhattan,Midtown-Midtown South
10036,Manhattan,Clinton
10001,Brooklyn,
10001,Manhattan,Midtown-Midtown South
10030,Manhattan,Central Harlem North-Polo Grounds
10032,Manhattan,Washington Heights South
10002,Manhattan,Chinatown
10004,Manhattan,Battery Park City-Lower Manhattan
10018,Manhattan,Hudson Yards-Chelsea-Flatiron-Union Square
10036,Manhattan,Midtown-Midtown South
10301,Staten Island,West New Brighton-New Brighton-St. George
10012,Manhattan,West Village
10011,Manhattan,West Village
10033,Manhattan,Washington Heights South
10004,Manhattan,Battery Park City-Lower Manhattan
11105,Manhattan,
10023,Manhattan,
11235,Brooklyn,West Brighton
10025,Manhattan,Upper West Side
10029,Manhattan,East Harlem South
10007,Manhattan,SoHo-TriBeCa-Civic Center-Little Italy
10031,Manhattan,Hamilton Heights
10002,Manhattan,Chinatown
10019,Manhattan,Clinton
10458-5126,Bronx,park-cemetery-etc-Bronx
10002,Manhattan,Lower East Side
10271,Manhattan,Battery Park City-Lower Manhattan
10108,Manhattan,
10023,Manhattan,Lincoln Square
10019,Manhattan,Midtown-Midtown South
10011,Manhattan,West Village
10009,Manhattan,
10020,Manhattan,Midtown-Midtown South
10011,Manhattan,West Village
10163-3034,Manhattan,
10036-6302,Manhattan,Clinton
10005,Manhattan,Battery Park City-Lower Manhattan
11385,Manhattan,
10044,Manhattan,Lenox Hill-Roosevelt Island
10026,Manhattan,Central Harlem South
10021,Manhattan,Upper East Side-Carnegie Hill
11205,Manhattan,
10021,Manhattan,Lenox Hill-Roosevelt Island
10038,Queens,
10024,Manhattan,Upper West Side
10003,Manhattan,Hudson Yards-Chelsea-Flatiron-Union Square
11217,Brooklyn,Fort Greene
11377,Brooklyn,
10001,Manhattan,Midtown-Midtown South
10018,Manhattan,Midtown-Midtown South
10025,Manhattan,Upper West Side
11368,Queens,park-cemetery-etc-Queens
10025,Manhattan,Upper West Side
10019,Manhattan,Midtown-Midtown South
10007,Manhattan,SoHo-TriBeCa-Civic Center-Little Italy
10469,Bronx,Eastchester-Edenwald-Baychester
10038,Manhattan,Battery Park City-Lower Manhattan
10011,Manhattan,Hudson Yards-Chelsea-Flatiron-Union Square
10033,Manhattan,Washington Heights North
10011,Manhattan,Hudson Yards-Chelsea-Flatiron-Union Square
10306,Manhattan,
10006,Manhattan,Battery Park City-Lower Manhattan
10013,Manhattan,SoHo-TriBeCa-Civic Center-Little Italy
10025,Manhattan,Morningside Heights
10001,Manhattan,Midtown-Midtown South
11217,Brooklyn,
10150,Manhattan,
11238,Brooklyn,Clinton Hill
10003,Manhattan,West Village
10001,Manhattan,Midtown-Midtown South
10314,Staten Island,New Springville-Bloomfield-Travis
10011,Manhattan,West Village
10019,Manhattan,Clinton
10016,Manhattan,Murray Hill-Kips Bay
10003,Manhattan,East Village
11234,Brooklyn,
11225,Brooklyn,Crown Heights South
10016,Manhattan,Murray Hill-Kips Bay
10018,Manhattan,Midtown-Midtown South
10024,Manhattan,Upper West Side
11374,Queens,Rego Park
11217,Brooklyn,Fort Greene
10025,Manhattan,Morningside Heights
11690,Queens,
10163,Manhattan,
11222,Brooklyn,Greenpoint
10032,Manhattan,Hamilton Heights
10001,Queens,
10301,Staten Island,West New Brighton-New Brighton-St. George
10024,Manhattan,Upper West Side
11216,Brooklyn,Crown Heights North
10276,Manhattan,
11208,Brooklyn,Cypress Hills-City Line
10025,Manhattan,
10034,Manhattan,
10033,Manhattan,Washington Heights North
11377,Queens,Woodside
10012,Manhattan,West Village
10019,Manhattan,Clinton
10003,Brooklyn,
10009,Manhattan,
10304,Staten Island,Stapleton-Rosebank
10001,Manhattan,Midtown-Midtown South
11201,Manhattan,
10003,Manhattan,West Village
11215,Brooklyn,
11372,Queens,
11230,Brooklyn,Flatbush
10023,Manhattan,
10013,Manhattan,SoHo-TriBeCa-Civic Center-Little Italy
10464,Bronx,
10026,Manhattan,Central Harlem South
11217,Manhattan,
10013,Manhattan,SoHo-TriBeCa-Civic Center-Little Italy
11433,Queens,South Jamaica
10010,Manhattan,Hudson Yards-Chelsea-Flatiron-Union Square
11210,Brooklyn,Flatbush
10013,Manhattan,SoHo-TriBeCa-Civic Center-Little Italy
10002,Manhattan,Chinatown
10019,Bronx,
11215,Brooklyn,Park Slope-Gowanus
11211,Brooklyn,North Side-South Side
10001,Manhattan,
10025,Manhattan,
10025,Manhattan,Upper West Side
10023,Manhattan,Lincoln Square
11218,Brooklyn,Flatbush
10036,Manhattan,Midtown-Midtown South
10035,Manhattan,East Harlem North
10035,Manhattan,Central Harlem South
11211,Brooklyn,East Williamsburg
10036,Manhattan,Midtown-Midtown South
11106,Queens,Astoria
10468,Bronx,Van Cortlandt Village
10040,Manhattan,Washington Heights North
10003,Manhattan,Gramercy
10018,Manhattan,Midtown-Midtown South
11249,Brooklyn,North Side-South Side
10027,Manhattan,Morningside Heights
11215,Staten Island,
10011,Manhattan,Hudson Yards-Chelsea-Flatiron-Union Square
10023,Bronx,
10029,Manhattan,
10023,Manhattan,Upper West Side
10012,Manhattan,West Village
10009,Manhattan,
10009,Manhattan,East Village
11385,Brooklyn,Bushwick North
11101,Queens,Hunters Point-Sunnyside-West Maspeth
11413,Brooklyn,
10012,Manhattan,SoHo-TriBeCa-Civic Center-Little Italy
11231,Brooklyn,Carroll Gardens-Columbia Street-Red Hook
11231,Manhattan,
10011,Manhattan,Hudson Yards-Chelsea-Flatiron-Union Square
11377,Queens,Woodside
10003,Manhattan,East Village
10029,Manhattan,East Harlem South
10034,Manhattan,Marble Hill-Inwood
10002,Manhattan,Chinatown
11217,Brooklyn,Fort Greene
10019,Manhattan,Midtown-Midtown South
10022,Manhattan,Turtle Bay-East Midtown
10023,Brooklyn,Bay Ridge
10033,Manhattan,Washington Heights North
10018,Manhattan,Midtown-Midtown South
10023,Manhattan,Lincoln Square
10013-1417,Manhattan,SoHo-TriBeCa-Civic Center-Little Italy
10012,Manhattan,West Village
10013,Manhattan,SoHo-TriBeCa-Civic Center-Little Italy
10026,Manhattan,Central Harlem South
11238,Manhattan,
11216,Brooklyn,Bedford
10001,Manhattan,Hudson Yards-Chelsea-Flatiron-Union Square
10011,Manhattan,Hudson Yards-Chelsea-Flatiron-Union Square
11215,Brooklyn,Park Slope-Gowanus
10009,Manhattan,East Village
10036,Manhattan,Midtown-Midtown South
11231,Brooklyn,
10002,Manhattan,Chinatown
11101,Queens,Astoria
10002,Manhattan,Lower East Side
10017,Manhattan,Midtown-Midtown South
10032,Manhattan,Washington Heights South
10036,Manhattan,Clinton
10036,Manhattan,
10012,Manhattan,SoHo-TriBeCa-Civic Center-Little Italy
10027,Manhattan,Morningside Heights
10038,Manhattan,Battery Park City-Lower Manhattan
10010,Manhattan,Hudson Yards-Chelsea-Flatiron-Union Square
10034,Manhattan,Marble Hill-Inwood
10451,Bronx,
11372,Queens,Jackson Heights
10009,Manhattan,East Village
10038,Manhattan,Battery Park City-Lower Manhattan
10023,Manhattan,Upper West Side
10013,Manhattan,SoHo-TriBeCa-Civic Center-Little Italy
11238,Manhattan,
10003,Manhattan,East Village
10023,Manhattan,Lincoln Square
10001,Manhattan,
10116,Manhattan,
10023,Manhattan,Lincoln Square
10028,Manhattan,Yorkville
10003,Manhattan,East Village
10013,Manhattan,
10001,Manhattan,Hudson Yards-Chelsea-Flatiron-Union Square
10034,Manhattan,
10016,Manhattan,Murray Hill-Kips Bay
11231,Brooklyn,Carroll Gardens-Columbia Street-Red Hook
10003,Manhattan,East Village
10011,Manhattan,
11215,Brooklyn,
11222,Brooklyn,Greenpoint
11215,Manhattan,
10036,Manhattan,Clinton
10018,Manhattan,Hudson Yards-Chelsea-Flatiron-Union Square
10036,Manhattan,Clinton
10018,Manhattan,Midtown-Midtown South
10018,Manhattan,Hudson Yards-Chelsea-Flatiron-Union Square
10031,Manhattan,Manhattanville
10003,Manhattan,East Village
10003,Manhattan,Gramercy
11232,Manhattan,
10004,Manhattan,Battery Park City-Lower Manhattan
10282,Manhattan,Battery Park City-Lower Manhattan
10474,Bronx,Hunts Point
10011,Manhattan,Hudson Yards-Chelsea-Flatiron-Union Square
10003,Manhattan,West Village
10023,Manhattan,Lincoln Square
10024,Manhattan,
11231,Brooklyn,
11432,Queens,
10011,Manhattan,Hudson Yards-Chelsea-Flatiron-Union Square
11106,Queens,
11205,Brooklyn,Clinton Hill
11436,Queens,Baisley Park
10451,Bronx,West Concourse
11218,Manhattan,
10009,Manhattan,East Village
11226,Brooklyn,Flatbush
10013,Manhattan,SoHo-TriBeCa-Civic Center-Little Italy
10018,Manhattan,Clinton
10001,Manhattan,Hudson Yards-Chelsea-Flatiron-Union Square
10301,Manhattan,
12121,Brooklyn,
10280,Manhattan,Battery Park City-Lower Manhattan
10038,Manhattan,Battery Park City-Lower Manhattan
10033,Manhattan,Washington Heights South
10304,Staten Island,Grymes Hill-Clifton-Fox Hills
11201,Brooklyn,DUMBO-Vinegar Hill-Downtown Brooklyn-Boerum Hill
11215,Brooklyn,Park Slope-Gowanus
11215,Brooklyn,park-cemetery-etc-Brooklyn
10018,Manhattan,Midtown-Midtown South
11215,Brooklyn,Park Slope-Gowanus
11201,Brooklyn,Brooklyn Heights-Cobble Hill
10276,Manhattan,
10022,Manhattan,Midtown-Midtown South
11201,Brooklyn,DUMBO-Vinegar Hill-Downtown Brooklyn-Boerum Hill
10016,Manhattan,Midtown-Midtown South
10025,Manhattan,Upper West Side
10029,Manhattan,East Harlem South
10001,Manhattan,Midtown-Midtown South
11215,Brooklyn,Park Slope-Gowanus
11209,Brooklyn,Bay Ridge
11210,Brooklyn,Flatbush
11233,Brooklyn,Ocean Hill
11372,Queens,Jackson Heights
10088,Manhattan,
11421,Queens,Woodhaven
10031,Manhattan,Hamilton Heights
10108,Manhattan,Midtown-Midtown South
11355,Queens,Flushing
11367,Queens,Kew Gardens Hills
11101,Queens,Astoria
11354,Queens,Flushing
11375,Queens,Forest Hills
11372,Queens,
11372,Queens,Jackson Heights
11226,Queens,
11368,Queens,
11367,Queens,Kew Gardens Hills
11368,Queens,park-cemetery-etc-Queens
11364,Queens,Oakland Gardens
11364,Queens,Oakland Gardens
10101,Manhattan,Midtown-Midtown South
10013,Manhattan,SoHo-TriBeCa-Civic Center-Little Italy
11202,Brooklyn,
11363,Queens,Douglas Manor-Douglaston-Little Neck
11101,Queens,Hunters Point-Sunnyside-West Maspeth
10002,Manhattan,Chinatown
11218,Brooklyn,Kensington-Ocean Parkway
10013,Manhattan,SoHo-TriBeCa-Civic Center-Little Italy
11249,Manhattan,
11225,Brooklyn,Prospect Lefferts Gardens-Wingate
11201,Brooklyn,DUMBO-Vinegar Hill-Downtown Brooklyn-Boerum Hill
10024,Manhattan,Upper West Side
11216,Brooklyn,Stuyvesant Heights
11238,Brooklyn,Prospect Heights
11418,Queens,Kew Gardens
10024,Manhattan,Lincoln Square
11105,Staten Island,
10012,Manhattan,West Village
10014,Manhattan,West Village
10016,Manhattan,
11432,Queens,Jamaica
10033,Manhattan,Washington Heights North
11205,Brooklyn,park-cemetery-etc-Brooklyn
10014,Manhattan,West Village
10014,Manhattan,West Village
10011,Manhattan,Hudson Yards-Chelsea-Flatiron-Union Square
10016,Manhattan,Murray Hill-Kips Bay
11205,Manhattan,
10471,Bronx,North Riverdale-Fieldston-Riverdale
10011,Manhattan,Hudson Yards-Chelsea-Flatiron-Union Square
11232,Brooklyn,Sunset Park East
11249,Brooklyn,North Side-South Side
11215,Brooklyn,
11218,Brooklyn,
10003,Manhattan,Gramercy
11230,Brooklyn,Midwood
10009,Manhattan,East Village
10456,Bronx,Claremont-Bathgate
11238,Brooklyn,Prospect Heights
10036,Manhattan,Midtown-Midtown South
11231,Brooklyn,Carroll Gardens-Columbia Street-Red Hook
10011,Brooklyn,Park Slope-Gowanus
11215,Brooklyn,Park Slope-Gowanus
10030,Manhattan,Central Harlem North-Polo Grounds
10018,Manhattan,Midtown-Midtown South
11412,Queens,St. Albans
10002,Manhattan,Chinatown
10038,Manhattan,Battery Park City-Lower Manhattan
10314,Staten Island,
10314,Staten Island,
11209,Brooklyn,Bay Ridge
10457,Bronx,
10012,Manhattan,SoHo-TriBeCa-Civic Center-Little Italy
11217,Brooklyn,Fort Greene
10001,Manhattan,Hudson Yards-Chelsea-Flatiron-Union Square
11206,Brooklyn,Bushwick South
11217,Brooklyn,Fort Greene
10471,Bronx,
10463,Bronx,North Riverdale-Fieldston-Riverdale
10301,Staten Island,West New Brighton-New Brighton-St. George
10025,Manhattan,Upper West Side
10027,Manhattan,Morningside Heights
10023,Manhattan,Lincoln Square
11369,Queens,
11694,Queens,Breezy Point-Belle Harbor-Rockaway Park-Broad Channel
11695,Queens,
11690,Queens,
10474,Bronx,Hunts Point
10003,Manhattan,East Village
10027,Manhattan,Central Harlem South
11215,Brooklyn,Park Slope-Gowanus
10044,Manhattan,
10044,Manhattan,Lenox Hill-Roosevelt Island
10044,Manhattan,Lenox Hill-Roosevelt Island
11249,Manhattan,
10036,Manhattan,Clinton
11217,Brooklyn,DUMBO-Vinegar Hill-Downtown Brooklyn-Boerum Hill
10018,Manhattan,Midtown-Midtown South
10128,Manhattan,
10025,Manhattan,Morningside Heights
10033,Manhattan,Washington Heights South
11435,Queens,Jamaica
10011,Manhattan,Hudson Yards-Chelsea-Flatiron-Union Square
10018,Manhattan,Midtown-Midtown South
10021,Manhattan,Lenox Hill-Roosevelt Island
10040,Manhattan,Washington Heights North
10033,Manhattan,Washington Heights North
10018,Manhattan,Midtown-Midtown South
10027,Manhattan,
11214,Brooklyn,Bensonhurst East
11231,Brooklyn,Carroll Gardens-Columbia Street-Red Hook
11201,Brooklyn,Brooklyn Heights-Cobble Hill
10003,Manhattan,East Village
11205,Brooklyn,Clinton Hill
10002,Manhattan,Chinatown
10014,Manhattan,West Village
11249,Brooklyn,North Side-South Side
11225,Brooklyn,Crown Heights South
10037,Manhattan,Central Harlem North-Polo Grounds
10011,Manhattan,Hudson Yards-Chelsea-Flatiron-Union Square
11418,Queens,Richmond Hill
10019,Manhattan,Midtown-Midtown South
10011,Manhattan,West Village
10312,Staten Island,Great Kills
11205,Brooklyn,Clinton Hill
10003,Manhattan,West Village
10163,Manhattan,
10115,Manhattan,Morningside Heights
11372,Queens,Jackson Heights
10029,Manhattan,East Harlem South
11379,Queens,Middle Village
10309,Staten Island,Rossville-Woodrow
10003,Manhattan,East Village
10018,Manhattan,Midtown-Midtown South
10018,Manhattan,Midtown-Midtown South
11209,Brooklyn,Bay Ridge
11217,Brooklyn,Fort Greene
11238,Brooklyn,Clinton Hill
10023,Manhattan,Lincoln Square
11215,Brooklyn,Park Slope-Gowanus
11238,Manhattan,
10003,Manhattan,East Village
11101,Queens,Hunters Point-Sunnyside-West Maspeth
11216,Manhattan,
11201,Brooklyn,Brooklyn Heights-Cobble Hill
10026,Manhattan,Central Harlem South
11427,Manhattan,
10036,Manhattan,Clinton
11211,Manhattan,Central Harlem South
10010,Manhattan,Hudson Yards-Chelsea-Flatiron-Union Square
11201,Brooklyn,Brooklyn Heights-Cobble Hill
10007,Manhattan,Battery Park City-Lower Manhattan
10019,Manhattan,Clinton
10310,Staten Island,West New Brighton-New Brighton-St. George
11782,Queens,
11203,Brooklyn,East Flatbush-Farragut
10032,Manhattan,Washington Heights South
10065,Manhattan,Upper East Side-Carnegie Hill
10023,Manhattan,Upper West Side
10038,Manhattan,Battery Park City-Lower Manhattan
10011,Manhattan,Hudson Yards-Chelsea-Flatiron-Union Square
11222,Manhattan,
11373,Queens,
10001,Manhattan,Hudson Yards-Chelsea-Flatiron-Union Square
10011,Manhattan,Hudson Yards-Chelsea-Flatiron-Union Square
11235,Brooklyn,Brighton Beach
10016,Manhattan,Murray Hill-Kips Bay
11385,Queens,Ridgewood
10003,Manhattan,West Village
10036,Manhattan,Clinton
10024,Manhattan,Upper West Side
11217,Brooklyn,Park Slope-Gowanus
10471,Bronx,
10012,Brooklyn,Williamsburg
11218,Brooklyn,Windsor Terrace
11216,Manhattan,
11239,Brooklyn,Starrett City
10024,Manhattan,
10003,Brooklyn,Windsor Terrace
10280,Manhattan,Battery Park City-Lower Manhattan
10014,Brooklyn,
10009,Manhattan,East Village
11201,Brooklyn,DUMBO-Vinegar Hill-Downtown Brooklyn-Boerum Hill
11218,Brooklyn,Flatbush
11215,Manhattan,
10301,Staten Island,West New Brighton-New Brighton-St. George
11205,Brooklyn,park-cemetery-etc-Brooklyn
10027,Manhattan,Manhattanville
10276,Manhattan,East Village
11213,Brooklyn,Crown Heights North
10065,Manhattan,Upper East Side-Carnegie Hill
10002,Manhattan,Lower East Side
10003,Manhattan,East Village
11106,Queens,
11206,Brooklyn,Bushwick North
10013,Manhattan,SoHo-TriBeCa-Civic Center-Little Italy
10014,Manhattan,West Village
11427,Queens,Oakland Gardens
10018,Manhattan,Midtown-Midtown South
10128,Manhattan,Upper East Side-Carnegie Hill
11375,Queens,
10030,Manhattan,Central Harlem North-Polo Grounds
10108,Manhattan,
10108,Staten Island,
10004,Manhattan,Battery Park City-Lower Manhattan
10012,Manhattan,West Village
10003,Manhattan,Gramercy
10302,Staten Island,Port Richmond
10013,Manhattan,SoHo-TriBeCa-Civic Center-Little Italy
10001,Queens,
10456,Bronx,Melrose South-Mott Haven North
10038,Manhattan,Battery Park City-Lower Manhattan
11226,Brooklyn,Flatbush
11238,Brooklyn,
11207,Brooklyn,East New York
11434,Queens,St. Albans
11211,Brooklyn,North Side-South Side
11215,Brooklyn,Park Slope-Gowanus
10036,Manhattan,Midtown-Midtown South
10016,Manhattan,Gramercy
10003,Manhattan,
10011,Manhattan,Hudson Yards-Chelsea-Flatiron-Union Square
10024,Manhattan,Upper West Side
11201,Brooklyn,DUMBO-Vinegar Hill-Downtown Brooklyn-Boerum Hill
10026,Manhattan,
11231,Brooklyn,Carroll Gardens-Columbia Street-Red Hook
11215,Brooklyn,Park Slope-Gowanus
11412,Queens,St. Albans
11201,Brooklyn,DUMBO-Vinegar Hill-Downtown Brooklyn-Boerum Hill
10002,Manhattan,Lower East Side
10150,Manhattan,Lower East Side
10301,Staten Island,West New Brighton-New Brighton-St. George
10163,Manhattan,
10018,Manhattan,Hudson Yards-Chelsea-Flatiron-Union Square
10003,Staten Island,
11211,Brooklyn,East Williamsburg
11207,Brooklyn,East New York
10462,Bronx,Parkchester
11102,Queens,Steinway
10036,Manhattan,Clinton
11352,Brooklyn,
11202,Brooklyn,
11355,Queens,Flushing
10036,Manhattan,Clinton
10282,Manhattan,Battery Park City-Lower Manhattan
10306,Staten Island,Todt Hill-Emerson Hill-Heartland Village-Lighthouse Hill
10309,Staten Island,Charleston-Richmond Valley-Tottenville
10301,Staten Island,West New Brighton-New Brighton-St. George
10302,Staten Island,Port Richmond
10306,Staten Island,Todt Hill-Emerson Hill-Heartland Village-Lighthouse Hill
10301,Staten Island,West New Brighton-New Brighton-St. George
10304,Staten Island,Stapleton-Rosebank
10301,Staten Island,New Brighton-Silver Lake
10302,Staten Island,Port Richmond
10310,Staten Island,West New Brighton-New Brighton-St. George
10019,Manhattan,Midtown-Midtown South
10027,Manhattan,Morningside Heights
10001,Manhattan,Hudson Yards-Chelsea-Flatiron-Union Square
10003,Manhattan,East Village
10012,Manhattan,West Village
10128,Manhattan,Upper East Side-Carnegie Hill
10012,Manhattan,SoHo-TriBeCa-Civic Center-Little Italy
10023,Manhattan,Lincoln Square
11217,Brooklyn,Fort Greene
10004,Manhattan,Battery Park City-Lower Manhattan
10024,Manhattan,Upper West Side
11249,Brooklyn,North Side-South Side
11217,Brooklyn,Park Slope-Gowanus
10034,Manhattan,Marble Hill-Inwood
10013,Manhattan,SoHo-TriBeCa-Civic Center-Little Italy
10027,Manhattan,Central Harlem South
10023,Manhattan,Lincoln Square
10018,Manhattan,Midtown-Midtown South
10032,Manhattan,Hamilton Heights
10034,Manhattan,Marble Hill-Inwood
10301,Staten Island,
11104,Queens,
11220,Brooklyn,Sunset Park West
10003,Manhattan,
11205,Brooklyn,park-cemetery-etc-Brooklyn
11226,Brooklyn,Erasmus
10003,Manhattan,East Village
10025,Manhattan,
10025,Manhattan,Morningside Heights
10025,Manhattan,Upper West Side
10013,Manhattan,SoHo-TriBeCa-Civic Center-Little Italy
10009,Manhattan,East Village
10001,Manhattan,Midtown-Midtown South
10013,Manhattan,SoHo-TriBeCa-Civic Center-Little Italy
10001,Manhattan,Midtown-Midtown South
10025,Manhattan,Morningside Heights
10019,Manhattan,Clinton
11101,Queens,Hunters Point-Sunnyside-West Maspeth
11358,Queens,Auburndale
11354,Manhattan,
10016,Manhattan,Murray Hill-Kips Bay
10027,Manhattan,Morningside Heights
11101,Manhattan,
10012,Manhattan,
11372,Manhattan,
10009,Manhattan,Lower East Side
10016,Manhattan,Murray Hill-Kips Bay
10036,Manhattan,Midtown-Midtown South
11220,Brooklyn,Sunset Park West
11215,Brooklyn,Park Slope-Gowanus
10003,Manhattan,East Village
11224,Brooklyn,
10453,Bronx,University Heights-Morris Heights
10018,Manhattan,Midtown-Midtown South
10017,Manhattan,Turtle Bay-East Midtown
10009,Manhattan,Lower East Side
10019,Manhattan,Midtown-Midtown South
10304,Staten Island,Grymes Hill-Clifton-Fox Hills
10003,Manhattan,Hudson Yards-Chelsea-Flatiron-Union Square
10036,Manhattan,Clinton
11104,Queens,Hunters Point-Sunnyside-West Maspeth
10036,Manhattan,Clinton
11218,Brooklyn,Windsor Terrace
10004-1058,Manhattan,Battery Park City-Lower Manhattan
11217,Brooklyn,Park Slope-Gowanus
10025,Manhattan,Upper West Side
10013,Manhattan,SoHo-TriBeCa-Civic Center-Little Italy
11205,Brooklyn,Clinton Hill
11101,Queens,Hunters Point-Sunnyside-West Maspeth
10018,Manhattan,Midtown-Midtown South
10003,Manhattan,East Village
10014,Manhattan,West Village
10276,Manhattan,
10018,Manhattan,Midtown-Midtown South
10018,Manhattan,Midtown-Midtown South
10018,Manhattan,Hudson Yards-Chelsea-Flatiron-Union Square
10019,Manhattan,Midtown-Midtown South
10036,Manhattan,Midtown-Midtown South
10303,Staten Island,Mariner's Harbor-Arlington-Port Ivory-Graniteville
10014,Manhattan,West Village
11217,Brooklyn,Fort Greene
10036,Manhattan,Midtown-Midtown South
10010,Manhattan,Gramercy
10009,Manhattan,Lower East Side
10001,Manhattan,Midtown-Midtown South
11103,Queens,Astoria
11213,Brooklyn,Crown Heights North
10003,Manhattan,East Village
10011,Manhattan,Hudson Yards-Chelsea-Flatiron-Union Square
10036,Manhattan,Midtown-Midtown South
10003,Manhattan,East Village
11217,Brooklyn,Park Slope-Gowanus
10019,Manhattan,Midtown-Midtown South
10036,Manhattan,Midtown-Midtown South
11226,Manhattan,
11201,Queens,
11232,Queens,
10025,Queens,
11377,Queens,
10001,Manhattan,Midtown-Midtown South
10027,Manhattan,Central Harlem South
10036,Manhattan,Midtown-Midtown South
11222,Brooklyn,Greenpoint
11201,Brooklyn,Brooklyn Heights-Cobble Hill
10276,Manhattan,
11225,Brooklyn,Prospect Lefferts Gardens-Wingate
10018,Manhattan,Midtown-Midtown South
11216,Brooklyn,Clinton Hill
10101,Manhattan,Midtown-Midtown South
11215,Brooklyn,
11202,Brooklyn,
11201,Manhattan,SoHo-TriBeCa-Civic Center-Little Italy
10013,Manhattan,SoHo-TriBeCa-Civic Center-Little Italy
10013,Manhattan,SoHo-TriBeCa-Civic Center-Little Italy
10031,Manhattan,Hamilton Heights
11217,Brooklyn,Fort Greene
10031,Manhattan,
10018-2918,Manhattan,Clinton
11222,Brooklyn,Greenpoint
10168,Brooklyn,Bedford
10027,Manhattan,Morningside Heights
1119,Manhattan,Midtown-Midtown South
10007,Manhattan,SoHo-TriBeCa-Civic Center-Little Italy
11373,Queens,Elmhurst
10016,Manhattan,Murray Hill-Kips Bay
10025,Manhattan,Upper West Side
10002,Manhattan,Lower East Side
11217,Brooklyn,Fort Greene
11211,Brooklyn,North Side-South Side
10034,Manhattan,Marble Hill-Inwood
11355,Queens,Flushing
10029,Manhattan,East Harlem North
10030,Manhattan,
10314,Queens,
11215,Brooklyn,Park Slope-Gowanus
10475,Bronx,Co-op City
10003,Manhattan,East Village
11354,Queens,Flushing
10013,Manhattan,SoHo-TriBeCa-Civic Center-Little Italy
10034,Manhattan,Marble Hill-Inwood
11203,Brooklyn,East Flatbush-Farragut
10040,Manhattan,
11201,Brooklyn,DUMBO-Vinegar Hill-Downtown Brooklyn-Boerum Hill
11220,Brooklyn,Sunset Park West
11373,Queens,Elmhurst
10304,Staten Island,Grymes Hill-Clifton-Fox Hills
11104,Queens,Hunters Point-Sunnyside-West Maspeth
10001,Manhattan,Midtown-Midtown South
10451,Bronx,
10301,Staten Island,West New Brighton-New Brighton-St. George
11231,Brooklyn,Carroll Gardens-Columbia Street-Red Hook
10002,Manhattan,Chinatown
10025,Manhattan,Upper West Side
10454,Bronx,
10027,Manhattan,Manhattanville
10033,Manhattan,Washington Heights North
10002,Manhattan,Chinatown
10011,Manhattan,Hudson Yards-Chelsea-Flatiron-Union Square
10025,Manhattan,Upper West Side
11231,Brooklyn,
10011,Manhattan,Hudson Yards-Chelsea-Flatiron-Union Square
11215,Brooklyn,Fort Greene
11218,Brooklyn,Windsor Terrace
11201,Brooklyn,DUMBO-Vinegar Hill-Downtown Brooklyn-Boerum Hill
11218,Brooklyn,Windsor Terrace
10010,Manhattan,Hudson Yards-Chelsea-Flatiron-Union Square
10462,Bronx,park-cemetery-etc-Bronx
11231,Manhattan,
10018,Manhattan,Hudson Yards-Chelsea-Flatiron-Union Square
11102,Queens,
10305,Staten Island,Old Town-Dongan Hills-South Beach
11201,Brooklyn,DUMBO-Vinegar Hill-Downtown Brooklyn-Boerum Hill
11212,Brooklyn,Brownsville
10016,Manhattan,
10014,Manhattan,
10003,Manhattan,Gramercy
10016,Manhattan,Murray Hill-Kips Bay
10019,Manhattan,Lincoln Square
10001,Manhattan,Hudson Yards-Chelsea-Flatiron-Union Square
10035,Manhattan,East Harlem North
11211,Manhattan,
10024,Manhattan,Upper West Side
10301,Staten Island,New Brighton-Silver Lake
10023,Manhattan,Lincoln Square
10023,Manhattan,Lincoln Square
11354,Queens,Murray Hill
10018,Manhattan,
10461,Bronx,
11238,Manhattan,
11201,Manhattan,
11217,Brooklyn,Prospect Heights
10022,Manhattan,Midtown-Midtown South
10011,Manhattan,Hudson Yards-Chelsea-Flatiron-Union Square
10003,Manhattan,East Village
10005,Manhattan,Battery Park City-Lower Manhattan
10003,Manhattan,East Village
10019,Manhattan,Clinton
10301,Staten Island,Grymes Hill-Clifton-Fox Hills
10033,Manhattan,Washington Heights North
10033,Manhattan,Washington Heights South
10014,Manhattan,
11372,Manhattan,
10038,Manhattan,Battery Park City-Lower Manhattan
11231,Brooklyn,Carroll Gardens-Columbia Street-Red Hook
10036,Manhattan,Clinton
11217,Brooklyn,DUMBO-Vinegar Hill-Downtown Brooklyn-Boerum Hill
10471,Bronx,North Riverdale-Fieldston-Riverdale
10013,Manhattan,
10021,Manhattan,Upper East Side-Carnegie Hill
10007,Manhattan,SoHo-TriBeCa-Civic Center-Little Italy
11206,Brooklyn,Bushwick South
10185,Manhattan,
10027,Manhattan,Manhattanville
11225,Brooklyn,Crown Heights South
10023,Manhattan,Lincoln Square
10014,Manhattan,West Village
10461,Bronx,Van Nest-Morris Park-Westchester Square
10025,Manhattan,Upper West Side
10025,Manhattan,
11105,Queens,Steinway
11221,Manhattan,
11217,Brooklyn,Park Slope-Gowanus
11433,Queens,South Jamaica
10002,Manhattan,Chinatown
10014,Manhattan,West Village
11221,Brooklyn,Stuyvesant Heights
10021,Manhattan,Upper East Side-Carnegie Hill
11102,Manhattan,
10027,Manhattan,Central Harlem North-Polo Grounds
10009,Manhattan,East Village
10460,Bronx,park-cemetery-etc-Bronx
11224,Brooklyn,Seagate-Coney Island
11105,Brooklyn,Sunset Park West
11211,Brooklyn,North Side-South Side
11225,Brooklyn,Prospect Lefferts Gardens-Wingate
10014,Manhattan,West Village
10036,Manhattan,Clinton
10001,Manhattan,Midtown-Midtown South
10013,Manhattan,SoHo-TriBeCa-Civic Center-Little Italy
10017,Manhattan,Turtle Bay-East Midtown
10019,Manhattan,Clinton
10023,Manhattan,Lincoln Square
10452,Bronx,West Concourse
10470,Bronx,park-cemetery-etc-Bronx
11231,Brooklyn,Carroll Gardens-Columbia Street-Red Hook
11377,Queens,Woodside
10452,Bronx,Highbridge
10013,Manhattan,
11201,Brooklyn,DUMBO-Vinegar Hill-Downtown Brooklyn-Boerum Hill
10018,Manhattan,Midtown-Midtown South
10018,Manhattan,Midtown-Midtown South
10003,Manhattan,East Village
10017,Manhattan,Turtle Bay-East Midtown
10031,Manhattan,Hamilton Heights
11225,Brooklyn,Prospect Lefferts Gardens-Wingate
10021,Manhattan,Lenox Hill-Roosevelt Island
11104,Queens,Hunters Point-Sunnyside-West Maspeth
10001,Manhattan,Midtown-Midtown South
11201,Manhattan,
11201,Brooklyn,DUMBO-Vinegar Hill-Downtown Brooklyn-Boerum Hill
10115,Manhattan,Morningside Heights
11222,Brooklyn,Greenpoint
11105,Queens,Steinway
10013,Manhattan,SoHo-TriBeCa-Civic Center-Little Italy
10003,Manhattan,West Village
10024,Manhattan,Upper West Side
11203,Brooklyn,Rugby-Remsen Village
10018,Manhattan,Hudson Yards-Chelsea-Flatiron-Union Square
10011,Manhattan,Hudson Yards-Chelsea-Flatiron-Union Square
10040,Manhattan,Washington Heights North
10471,Bronx,North Riverdale-Fieldston-Riverdale
11222,Brooklyn,Greenpoint
10030,Manhattan,
11214,Brooklyn,Bath Beach
10108-1523,Manhattan,Clinton
10003,Manhattan,East Village
11385,Queens,Ridgewood
10011,Manhattan,Hudson Yards-Chelsea-Flatiron-Union Square
10022,Manhattan,
10017,Manhattan,Turtle Bay-East Midtown
10022,Manhattan,
10016,Manhattan,Midtown-Midtown South
10019,Manhattan,Midtown-Midtown South
11220,Brooklyn,
11221,Brooklyn,Bushwick South
10128,Manhattan,Upper East Side-Carnegie Hill
10023,Manhattan,Lincoln Square
11213,Brooklyn,Crown Heights North
10009,Brooklyn,Kensington-Ocean Parkway
11217,Brooklyn,Fort Greene
10023,Manhattan,Lincoln Square
10185,Manhattan,
10451,Bronx,
10016,Manhattan,Murray Hill-Kips Bay
10113,Brooklyn,
11201,Queens,
10018,Manhattan,Midtown-Midtown South
11412,Queens,St. Albans
10023,Manhattan,
10026,Manhattan,Central Harlem South
11226,Brooklyn,Erasmus
10040,Manhattan,Washington Heights North
10036,Manhattan,Clinton
11215,Manhattan,
10011,Manhattan,Hudson Yards-Chelsea-Flatiron-Union Square
10003,Manhattan,East Village
11218,Manhattan,West Village
11201,Brooklyn,DUMBO-Vinegar Hill-Downtown Brooklyn-Boerum Hill
10010,Manhattan,Hudson Yards-Chelsea-Flatiron-Union Square
10014,Manhattan,West Village
10011,Manhattan,Hudson Yards-Chelsea-Flatiron-Union Square
11105,Queens,Steinway
11217,Brooklyn,Fort Greene
